  Team,Yr,TeamID, YardsG,RushG,RushP,PassG,QBR,Sacks,Third,PossG,PtsG,PR 1-5,PR 6-10,PR11-16,PR17-22,PR23-32,TeamID2, ATS ,ATSW,ATSWin,ATSLoss,AvgM,TOM,RZ
Arizona ,2006,1,312.5,83.6,3.2,228.9,78.7,35,39.2,30,19.6,2.4,-17.4,-12.4,-3.8,-5.7,1, 0.50 , 50.00 ,8,8,-4.7,0.2,1.6
Atlanta,2006,2,331.9,183.7,5.5,148.2,75.2,47,35.9,30,18.2,0,-1.6,0.9,3,-5.4,1, 0.50 , 50.00 ,8,8,-2.3,0.4,1.3
Baltimore ,2006,3,317,102.3,3.4,214.7,84.6,17,41.2,32,22.1,-3.2,-2.1,-11.3,9,7.8,1, 0.59 , 58.80 ,10,6,8.4,0.9,1.3
Buffalo ,2006,4,266.9,97,3.7,169.9,84.6,47,31.7,28,18.8,-4.6,-19.3,-6.4,3.9,9.6,1, 0.63 , 62.50 ,10,6,-0.7,-0.3,0.9
Carolina ,2006,5,307.7,103.7,3.9,204,77.9,32,31.1,30,16.9,-24,-9.3,-3.5,-6.9,-12.8,1, 0.40 , 40.00 ,6,9,-2.2,-0.3,0.9
Chicago ,2006,6,324.9,119.9,3.8,205.1,73.5,25,36.8,30,26.7,-2.4,0.4,3.9,-1.4,-8.7,1, 0.53 , 52.60 ,9,7,9.9,0.5,1.6
Cincinnati ,2006,7,341.3,101.8,3.7,239.6,94.1,36,35.8,28,23.3,-8.3,-7.2,-10.1,7.3,-7.8,1, 0.53 , 53.30 ,8,7,2.6,0.4,1.9
Cleveland ,2006,8,264.6,83.4,3.6,181.1,69.8,54,33.5,29,14.9,-0.8,9.1,2.4,12.4,1.3,1, 0.47 , 46.70 ,7,8,-7.4,-0.9,1.2
Dallas,2006,9,360.8,121,4.1,239.8,86.5,37,48.8,31,26.6,-12.9,6.6,6.5,5.1,-1.3,1, 0.56 , 56.30 ,8,7,4.4,0.1,2.1
Denver,2006,10,309.4,134.5,4.4,174.9,74.7,31,37,30,19.9,-10.4,9.2,12.6,24.8,15.2,1, 0.31 , 31.30 ,5,11,0.9,0,1.5
Detroit ,2006,11,309.3,70.6,3.7,238.8,79.9,63,32.6,27,19.1,1.7,0,-7.6,9.1,5.2,1, 0.38 , 37.50 ,6,10,-5.8,-0.6,1.1
Green Bay ,2006,12,341.1,103.9,3.9,237.2,72.1,24,39.2,30,18.8,-16.9,-7.8,-9.8,-0.8,1.8,1, 0.47 , 46.70 ,7,8,-4.1,0,1
Houston ,2006,13,279.1,105.4,3.9,173.6,83.8,43,38.9,29,16.7,-15.1,-7.5,-13.3,-17.6,-8.4,1, 0.44 , 43.80 ,7,9,-6.2,-0.2,1.5
Indianapolis ,2006,14,379.4,110.1,4,269.2,101,15,56.1,29,26.7,-0.6,-13.5,0,-0.1,-8.3,1, 0.60 , 60.00 ,8,8,5.4,0.6,2.4
Jacksonville ,2006,15,338.9,158.8,5,180.1,80,30,39.2,32,23.2,0,-0.8,-1.8,-0.2,9.3,1, 0.50 , 50.00 ,8,8,6.1,0.1,1.9
Kansas City ,2006,16,321.4,133.9,4.2,187.5,84.7,41,40.6,30,20.7,4.5,5.9,11.7,12.1,-5.4,1, 0.47 , 47.10 ,8,8,0.1,0.2,1.8
L.A. Chargers ,2006,17,365,161.1,4.9,203.9,93,28,43.2,31,30.8,-13.5,-14.3,-0.6,-0.4,-5.5,1, 0.53 , 52.90 ,9,7,10.9,0.7,2.6
L.A. Rams ,2006,18,360.4,112.8,4.3,247.6,92.7,49,37.4,31,22.9,-5.6,-7.7,-7.1,1.8,1.4,2, 0.56 , 56.30 ,9,7,-0.9,0.9,1.9
Las Vegas  ,2006,19,246.2,94.9,3.9,151.2,56.2,72,36.3,28,10.5,-13.5,-5.6,-18.8,-5.6,-7.3,2, 0.38 , 37.50 ,6,10,-10.3,-1.4,0.6
Miami ,2006,20,310,104.6,4.2,205.4,71.2,41,37.6,30,16.2,-4.1,7,1.6,0,3.7,2, 0.38 , 37.50 ,6,10,-1.4,0.1,1.3
Minnesota ,2006,21,308.9,113.8,4.1,195.2,72.2,43,33,31,17.6,-0.9,-8.3,13.7,10.5,3.2,2, 0.44 , 43.80 ,7,9,-2.8,0.3,1.2
N.Y. Giants ,2006,22,325.9,134.8,4.7,191.1,76.8,25,37.9,29,22.2,-1.1,-1.6,5.2,11.3,11.3,2, 0.50 , 50.00 ,7,8,8.8,0.5,2.3
N.Y. Jets ,2006,23,305.7,108.6,3.5,197.1,82.1,34,43.8,31,19.8,-6.6,-3.7,8.1,1.8,8.9,2, 0.65 , 64.70 ,11,5,3.8,-0.5,1.8
New England ,2006,24,335.6,123.1,3.9,212.5,88.3,29,42.5,31,24.1,7.5,16.9,12.2,-0.2,3,2, 0.63 , 63.20 ,10,6,-0.6,-0.1,1.7
New Orleans ,2006,25,391.5,110.1,3.7,281.4,94.9,23,44.9,31,25.8,-3.6,-9.3,-2.9,0.4,-5.1,2, 0.56 , 55.60 ,10,6,0,-0.1,1.3
Philadelphia ,2006,26,381.4,124,4.8,257.4,96.7,28,42.1,28,24.9,-5.7,0,-2.1,-3.2,-0.5,2, 0.53 , 52.90 ,8,7,3.9,0.4,1.5
Pittsburgh ,2006,27,357.8,124.5,4.2,233.3,80.2,49,42.9,31,22.1,-9.2,-9.6,23,-1.6,-3.5,2, 0.47 , 46.70 ,7,8,2.4,-0.5,1.8
San Francisco ,2006,28,303.8,135.8,4.9,168,74.4,35,34.4,29,18.6,6.7,13.8,5.2,6.5,19.9,2, 0.56 , 56.30 ,9,7,-7.1,-0.3,1.3
Seattle ,2006,29,311.1,120.2,4,190.9,76,49,37.9,29,20.9,-0.2,14.3,9.8,7,-3.8,2, 0.41 , 41.20 ,6,9,-0.4,-0.4,1.4
Tampa Bay ,2006,30,270.1,95.2,3.8,174.9,66.2,33,36.9,28,13.2,-7,-4.8,5.8,-11.2,5.3,2, 0.40 , 40.00 ,6,9,-8.9,-0.8,1
Tennessee ,2006,31,300.6,138.4,4.7,162.2,61.8,29,32.7,27,20.2,13,-15.6,-7.8,-2.5,9.6,2, 0.69 , 68.80 ,11,5,-4.8,0.1,1.1
Washington ,2006,32,327.7,138.5,4.5,189.2,83.4,19,37.4,30,19.2,-1,-11.3,-6.1,11.9,-3.7,2, 0.36 , 35.70 ,5,9,-4.3,-0.3,1.3
Arizona ,2007,33,344.1,90,3.6,254.1,83.4,24,36.9,30,25.2,-13.4,-16.7,-10.4,1.6,-4,2, 0.56 , 56.30 ,9,7,0.3,-0.4,2.1
Atlanta,2007,34,300.8,95,3.9,205.8,78.2,47,36.3,28,16.2,4.5,-3.7,-1.5,-2.4,-3.8,2, 0.50 , 50.00 ,8,8,-9.7,0.2,1.1
Baltimore ,2007,35,302,112.3,4,189.7,75.2,39,38.5,31,17.2,-0.2,7.6,14.3,1.6,9.8,3, 0.19 , 18.80 ,3,13,-6.8,-1.1,1.2
Buffalo ,2007,36,277.1,112.5,4,164.6,73.8,26,33.3,28,15.8,7.4,-10.8,-8.5,-5.8,-2,3, 0.60 , 60.00 ,9,6,-6.4,0.6,0.8
Carolina ,2007,37,284.9,114,4,170.9,71.9,33,36.2,28,16.7,5.2,-21.5,0,18.1,12.2,3, 0.50 , 50.00 ,8,8,-5,0.1,1.3
Chicago ,2007,38,293.2,83.1,3.1,210.1,72.2,43,34,28,20.9,8.4,0.9,1.5,2.6,16.3,3, 0.44 , 43.80 ,7,9,-0.9,-0.1,1.1
Cincinnati ,2007,39,348,97.2,3.7,250.8,86.7,17,46.2,29,23.8,5.7,4.8,4.2,11.8,3.4,3, 0.44 , 43.80 ,7,9,-0.3,0.3,1.7
Cleveland ,2007,40,351.3,118.4,4.3,232.9,80.7,19,42.2,29,25.1,16.3,11.4,-2.8,1.9,6.1,3, 0.75 , 75.00 ,12,4,1.3,-0.1,1.9
Dallas,2007,41,365.7,109.1,4.2,256.6,97.1,25,42.2,30,28.4,10,2.1,9,-1.9,6.7,3, 0.53 , 52.90 ,9,7,7.4,0.2,1.9
Denver,2007,42,346.3,122.3,4.6,224,86.7,32,40.4,29,20,-19.3,-3.3,1.1,1.6,1.1,3, 0.31 , 31.30 ,5,11,-5.6,0.1,1.6
Detroit ,2007,43,328.3,80.5,4,247.8,80,53,32.6,27,21.6,7.9,-0.8,0.9,12.7,8,3, 0.40 , 40.00 ,6,9,-6.1,-0.1,1.6
Green Bay ,2007,44,370.7,99.8,4.1,270.9,95.9,19,42.6,30,27.2,-12.3,3.5,-1.2,-2.1,-6.9,3, 0.77 , 76.50 ,12,3,9.1,0.1,1.9
Houston ,2007,45,333.6,99.1,3.8,234.4,86.1,22,44.6,29,23.7,5.9,-2.7,-1.5,-5.3,4.9,3, 0.50 , 50.00 ,8,8,-0.3,-0.8,1.8
Indianapolis ,2007,46,358.7,106.6,3.8,252.1,96.1,23,49.3,29,28.1,-2.6,-32.9,24,6.2,5.7,3, 0.53 , 52.90 ,9,7,10.8,0.9,2.4
Jacksonville ,2007,47,357.4,149.4,4.6,208,97.1,31,45.7,32,25.7,6.1,7.2,1.5,7.1,6.2,3, 0.67 , 66.70 ,11,5,5.4,0.5,2.1
Kansas City ,2007,48,276.8,78,3.3,198.8,73,55,34.1,30,14.1,12.6,15.6,20.6,4.3,15.8,3, 0.47 , 46.70 ,7,8,-6.8,-0.7,1.1
L.A. Chargers ,2007,49,315.2,127.4,4.2,187.8,81.3,24,39.3,30,25.8,-9.5,2.6,2.1,11.3,13.6,3, 0.74 , 73.70 ,11,5,7.1,1.5,1.7
L.A. Rams ,2007,50,297.5,95.4,3.8,202.1,67,48,35.9,30,16.4,4.5,4.2,-19.5,3.7,-2.9,3, 0.31 , 31.30 ,5,11,-10.9,-0.6,1.1
Las Vegas  ,2007,51,294.8,130.4,4.1,164.4,70.9,41,35.8,31,17.7,2.2,4.9,-2.3,6.6,0.2,3, 0.38 , 37.50 ,6,10,-7.2,-0.7,1.3
Miami ,2007,52,287.5,98.1,4,189.4,69.6,42,37.2,29,16.7,-5,4.5,5.6,8.3,1.7,4, 0.39 , 38.50 ,5,8,-10.6,-0.4,1.3
Minnesota ,2007,53,336.2,164.6,5.3,171.6,74.2,37,34.5,29,22.8,-17,-12.5,0.2,5,0.6,4, 0.50 , 50.00 ,7,7,3.4,0.1,1.3
N.Y. Giants ,2007,54,331.4,134.2,4.6,197.1,73,28,41.6,31,23.3,0,-2.3,-10.2,-11,3.8,4, 0.70 , 70.00 ,10,6,17.5,0.9,3.1
N.Y. Jets ,2007,55,294.7,106.3,3.8,188.4,73.9,53,37.6,29,16.8,-3.9,11.5,-9.8,-11.2,-1.7,4, 0.40 , 40.00 ,6,9,-0.6,-0.4,2.3
New England ,2007,56,411.2,115.6,4.1,295.7,116,21,48.2,32,36.8,-6.7,-16,-0.4,-5,1.6,4, 0.53 , 52.60 ,10,6,2.1,-0.2,2
New Orleans ,2007,57,361.2,91.6,3.7,269.6,89.4,16,46.3,31,23.7,-3,5.7,-15.5,-0.2,15.6,4, 0.38 , 37.50 ,6,10,-5.4,-0.3,1.1
Philadelphia ,2007,58,358.1,123.4,4.7,234.7,84.6,49,42.4,30,21,-12.9,-19.9,0,-4.4,-0.9,4, 0.50 , 50.00 ,8,8,2.3,-0.5,1.4
Pittsburgh ,2007,59,327.4,135.5,4.2,191.9,99.9,47,46.8,33,24.6,-3.2,-3.5,-4.4,3.6,-6.1,4, 0.53 , 52.90 ,8,8,7.2,0.1,2.1
San Francisco ,2007,60,237.4,92.3,4.1,145.1,63.4,54,31.4,27,13.7,6.4,-4.9,2.9,-2.5,7.7,4, 0.31 , 31.30 ,5,11,-9.1,-0.8,0.9
Seattle ,2007,61,348.9,101.2,3.8,247.8,91.8,36,34.9,29,24.6,0.7,-9.9,5.9,5.3,-4.7,4, 0.56 , 55.60 ,9,7,5.6,0.6,1.7
Tampa Bay ,2007,62,326.8,117,4.2,209.8,91.7,36,38.5,30,20.9,3.9,3.1,3.2,0,-1.9,4, 0.53 , 52.90 ,9,7,3.2,0.8,1.3
Tennessee ,2007,63,311.7,131.8,3.9,179.9,72.6,30,41,31,18.8,-19.8,8.3,-12.7,3.6,-1.9,4, 0.47 , 47.10 ,8,8,-0.4,-0.1,1.1
Washington ,2007,64,333.4,117,3.8,216.4,84.2,28,40.7,31,20.9,-8.8,-26.2,-1.1,-7,5.8,4, 0.47 , 46.70 ,7,7,0.2,-0.3,1.6
Arizona ,2008,65,365.8,73.6,3.5,292.1,96.1,28,41.9,30,26.7,1.3,16.5,-9.8,6.7,-0.9,4, 0.65 , 65.00 ,9,7,1.5,0.4,2.3
Atlanta,2008,66,361.2,152.7,4.4,208.5,87.7,17,43.4,31,24.4,3.3,8.2,5,12.7,7.4,4, 0.53 , 52.90 ,9,7,3.5,-0.3,2
Baltimore ,2008,67,324,148.5,4,175.5,82.8,33,40.9,33,24.1,11.8,6.8,15.2,11.4,10.6,4, 0.74 , 73.70 ,12,4,8.1,0.9,1.5
Buffalo ,2008,68,305.1,115.1,4.2,190,81.3,38,39.9,30,21,0.2,7.5,2.2,14,23.5,4, 0.44 , 43.80 ,7,9,-0.4,-0.5,1.6
Carolina ,2008,69,349.7,152.3,4.8,197.4,84.7,20,39.3,29,25.9,10.4,0.1,-26.1,-0.1,0,5, 0.56 , 56.30 ,9,6,3.8,0.1,2
Chicago ,2008,70,296.2,104.6,3.9,191.7,77.1,26,35.6,28,23.4,-9.8,-10.4,-4.1,-5.8,0.9,5, 0.43 , 42.90 ,6,8,1.6,0.3,1.8
Cincinnati ,2008,71,245.4,95,3.6,150.4,68,51,34.7,29,12.8,2,12.9,-2.6,1,11,5, 0.44 , 43.80 ,7,9,-10,-0.1,0.9
Cleveland ,2008,72,249.2,100.5,3.9,148.8,54.8,24,34,27,14.5,10,-12.6,7.4,2.9,1.3,5, 0.40 , 40.00 ,6,9,-7.4,0.3,0.9
Dallas,2008,73,344.5,107.7,4.3,236.8,84.9,31,42.9,30,22.6,-18.7,-16.4,-12,0.3,-10.4,5, 0.44 , 43.80 ,7,9,-0.2,-0.7,1.6
Denver,2008,74,395.6,116.2,4.8,279.4,85.9,12,47.5,28,23.1,-5,1.9,-18.9,-4.4,5.7,5, 0.27 , 26.70 ,4,11,-4.9,-1.1,1.9
Detroit ,2008,75,268.2,83.2,3.8,185,71.3,52,28.8,26,16.8,-9.5,-3.6,12.4,-8.2,-1.1,5, 0.44 , 43.80 ,7,9,-15.6,-0.6,1.2
Green Bay ,2008,76,351.1,112.8,4.1,238.3,93.3,34,44.2,31,26.2,1.6,0,-11.5,14.1,11.7,5, 0.50 , 50.00 ,8,8,2.4,0.4,1.8
Houston ,2008,77,382.1,115.4,4.3,266.7,88.4,32,42.1,32,22.9,-8.4,-18.2,2.4,7.1,0.2,5, 0.50 , 50.00 ,8,8,-1.8,-0.6,1.8
Indianapolis ,2008,78,335.5,79.6,3.4,255.9,94.7,14,50.2,28,23.6,6.6,23.5,3,3.1,11.6,5, 0.50 , 50.00 ,8,7,4.3,0.6,1.9
Jacksonville ,2008,79,319.1,110.9,4.2,208.2,81.4,42,40.8,31,18.9,-11.3,5.9,-4.3,4.2,2.9,5, 0.25 , 25.00 ,4,12,-4.1,-0.4,1.6
Kansas City ,2008,80,308.7,113.1,4.8,195.6,77.3,33,38.3,28,18.2,0.4,-1,5.5,7,5.1,5, 0.50 , 50.00 ,8,8,-9.3,0.3,1.6
L.A. Chargers ,2008,81,349,107.9,4.1,241.1,105.5,25,45.9,28,27.4,2.7,7.3,-4.3,-2.3,-0.6,5, 0.47 , 47.10 ,7,8,4.8,0,2.2
L.A. Rams ,2008,82,287.2,103.1,4,184.2,66.9,45,31.9,29,14.5,-16.7,2.4,-10.5,-9.2,-1.3,5, 0.38 , 37.50 ,6,10,-14.6,-0.3,0.6
Las Vegas  ,2008,83,272.2,124.2,4.3,148.1,71.6,39,28.5,28,16.4,-4,0,-0.1,-0.5,1.4,5, 0.44 , 43.80 ,7,9,-7.8,0.1,0.9
Miami ,2008,84,345.6,118.6,4.2,227,97.6,26,37,31,21.6,-9.7,7.3,3.6,-15.5,-8.8,5, 0.47 , 47.10 ,8,8,0.6,0.8,1.6
Minnesota ,2008,85,330.9,146.1,4.5,184.8,81.5,43,39.4,31,23.7,-15,-5.7,4,-0.9,-0.8,5, 0.35 , 35.30 ,6,10,2,-0.4,1.2
N.Y. Giants ,2008,86,355.9,157.4,5,198.6,88.2,28,43.1,33,26.7,-0.7,24.2,21.8,5.3,5.8,6, 0.71 , 70.60 ,12,4,6.3,0.1,2.1
N.Y. Jets ,2008,87,331.7,125.2,4.7,206.4,80.2,30,41.1,31,25.3,5.7,0.7,-3.1,-7.1,3.1,6, 0.44 , 43.80 ,7,9,4.4,-0.3,2.4
New England ,2008,88,365.4,142.4,4.4,223.1,89.1,48,43.2,32,25.6,1.1,9.2,-6.5,-4.9,9.4,6, 0.56 , 56.30 ,9,7,7.1,0.5,2.1
New Orleans ,2008,89,410.7,99.6,4,311.1,95.4,13,48.5,30,28.9,-4.8,-3.9,-5.7,-31.6,6.7,6, 0.67 , 66.70 ,10,5,3.1,-0.1,2.1
Philadelphia ,2008,90,350.5,106.1,4,244.4,81.4,23,41.3,31,26,-3.4,4.7,0.2,15.7,-1.2,6, 0.63 , 63.20 ,10,6,7.6,0.1,1.8
San Francisco ,2008,91,311.9,105.6,3.7,206.3,81.9,49,41.3,31,21.7,-4.1,15.3,9.4,-14.2,-0.1,6, 0.58 , 57.90 ,9,7,7.8,0.5,1.7
San Francisco ,2008,92,311.1,99.9,4,211.2,81.4,55,37.9,29,21.2,-4.7,-11.9,5.2,5,19.4,6, 0.50 , 50.00 ,7,8,-2.6,-1.1,1.7
Seattle ,2008,93,274.1,110.5,4.2,163.6,72.5,36,31.3,26,18.4,-5.1,-17.2,4.9,-9.2,-3,6, 0.47 , 46.70 ,7,8,-6.1,-0.4,1.3
Tampa Bay ,2008,94,341,114.8,4.1,226.2,83.8,32,38.4,32,22.6,-21.8,0,-8.3,-12.7,3.9,6, 0.50 , 50.00 ,8,8,2.4,0.3,1.4
Tennessee ,2008,95,313.6,137.4,4.3,176.2,78.8,12,36.1,29,23.4,-1,-6.6,5.6,0.4,-7.2,6, 0.71 , 70.60 ,12,4,8.1,0.6,1.5
Washington ,2008,96,320,130.9,4.4,189.1,85.2,38,35.2,31,16.6,0,-6.6,-11.2,-13.3,-3.9,6, 0.40 , 40.00 ,6,8,-1.9,0,1.4
Arizona ,2009,97,344.4,93.4,4.1,251,89.1,26,36.3,29,23.4,-8.3,3.4,-10.4,-11,336,20, 0.56 , 55.60 ,9,7,1.4,-0.4,2.4
Atlanta,2009,98,340.4,117.2,4.2,223.2,80.4,27,42.1,29,22.7,-3.4,-5.5,-2.8,3.2,-1.6,6, 0.69 , 68.80 ,11,5,2.4,0.2,1.8
Baltimore ,2009,99,351.2,137.5,4.7,213.7,87.4,36,41.6,29,24.4,-21.7,-17.6,-11,-6.7,337,20, 0.53 , 52.90 ,8,7,7.3,0.5,1.8
Buffalo ,2009,100,273.9,116.7,4.4,157.2,71.7,46,25.8,28,16.1,4.7,2.6,11.8,4.9,8.2,6, 0.50 , 50.00 ,8,8,-4.3,0.2,0.8
Carolina ,2009,101,331.1,156.1,4.8,174.9,70.5,33,37.3,30,19.7,-1.5,-3.8,17.9,0,338,20, 0.56 , 56.30 ,9,7,0.4,0.4,1.3
Chicago ,2009,102,310.3,93.2,4,217.1,75.6,35,37.3,28,20.4,-12.4,2.9,-3.8,3.6,-0.2,6, 0.38 , 37.50 ,6,10,-3,-0.4,1.5
Cincinnati ,2009,103,309.1,128.5,4.1,180.6,82.7,29,40.6,32,19.1,-16.6,4,1.9,0,339,20, 0.41 , 41.20 ,7,9,0.2,-0.1,1.5
Cleveland ,2009,104,260.2,130.4,4.2,129.8,55.8,30,32.6,28,15.3,-2.5,-7.6,1.6,1.4,4.8,6, 0.63 , 62.50 ,10,6,-8.1,-0.8,1.1
Dallas,2009,105,399.4,131.4,4.8,267.9,97.6,34,40.6,32,22.6,2.4,3.9,2.9,-5.7,340,20, 0.56 , 55.60 ,9,7,5.6,0.1,1.6
Denver,2009,106,341.4,114.8,4.2,226.7,84.4,34,36.3,30,20.4,-18.6,-8.8,1.5,-10.2,6.2,6, 0.56 , 56.30 ,9,7,0.1,0.4,1.6
Detroit ,2009,107,299,101,4,198,58.1,43,35.9,28,16.4,-0.4,-3.4,-14.1,-14.5,-6.7,6, 0.27 , 26.70 ,4,10,-14.5,-1.1,1.1
Green Bay ,2009,108,379.8,117.8,4.3,262,101.9,51,47,33,28.8,-4.9,20.2,6.2,-4.3,10.6,7, 0.69 , 68.80 ,11,4,9.3,1.3,2.2
Houston ,2009,109,383.1,92.2,3.5,290.9,96.3,25,40.2,31,24.2,-11.6,-4.8,8.4,-5.7,-1.5,7, 0.47 , 46.70 ,7,7,3.4,-0.1,2
Indianapolis ,2009,110,363.1,80.9,3.5,282.2,95.4,13,49.2,27,26,-9.2,-25.5,-7.9,-9.9,-1,7, 0.67 , 66.70 ,10,5,6.6,0.2,2.2
Jacksonville ,2009,111,336.6,126.8,4.5,209.8,83.2,44,45.1,30,18.1,7.3,-10.9,-0.1,-7.9,3.5,7, 0.31 , 31.30 ,5,11,-5.6,0.1,1.5
Kansas City ,2009,112,303.2,120.6,4.4,182.6,70.8,45,27.3,28,18.4,1.8,-4.9,-3.5,-5.5,-8.9,7, 0.44 , 43.80 ,7,9,-8.1,0.1,1.1
L.A. Chargers ,2009,113,360.1,88.9,3.3,271.1,103.1,26,44.4,29,28.4,-7.4,-6.2,10.5,7.4,1.4,7, 0.50 , 50.00 ,8,7,7.7,0.4,2.1
L.A. Rams ,2009,114,279.4,111.5,4.3,167.9,64,44,32.3,29,10.9,-5.6,5.4,10.3,-6.5,8.7,7, 0.44 , 43.80 ,7,9,-16.3,-0.8,0.7
Las Vegas  ,2009,115,266.1,106.3,4.1,159.8,62,49,29.6,28,12.3,11.8,-2.9,4.4,3,11.4,7, 0.50 , 50.00 ,8,8,-11.4,-0.8,0.8
Miami ,2009,116,337.6,139.4,4.4,198.1,73.3,34,49,32,22.5,4.4,-15.3,-5,8.8,3.5,7, 0.50 , 50.00 ,8,8,-1.9,-0.4,2.2
Minnesota ,2009,117,379.6,119.9,4.1,259.8,107.5,34,44.8,32,29.4,11,2.4,7.6,10.4,16.8,7, 0.65 , 64.70 ,9,6,10.3,0.3,2.7
N.Y. Giants ,2009,118,366,114.8,4.1,251.2,93.2,32,42.9,31,25.1,-2.7,-9.4,5.9,0.7,3.2,7, 0.40 , 40.00 ,6,9,7.2,0.2,2.1
N.Y. Jets ,2009,119,321,172.2,4.5,148.8,62,30,37.2,32,21.8,-9,-8.9,-0.8,-2.2,-4.3,7, 0.58 , 57.90 ,9,7,11.4,0.9,2.6
New England ,2009,120,397.3,120.1,4.1,277.2,95.6,18,43.7,33,26.7,-14.6,5.9,4.8,-14.8,0.9,7, 0.50 , 50.00 ,7,7,-1.6,-0.4,1.7
New Orleans ,2009,121,403.8,131.6,4.5,272.2,106,20,44.7,31,31.9,-13.9,-10.5,2,-8.2,-8,7, 0.53 , 52.60 ,8,8,5.9,0.2,1.4
Philadelphia ,2009,122,357.9,102.3,4.3,255.6,92,38,36.2,28,26.8,-21.6,-2.7,0.7,-6.7,-7.5,7, 0.53 , 52.90 ,9,7,4.2,0.7,1.5
Pittsburgh ,2009,123,371.3,112.1,4.2,259.2,98.1,50,39.4,32,23,8.6,-0.8,18,-0.1,2.3,7, 0.33 , 33.30 ,5,10,2.8,-0.2,1.7
San Francisco ,2009,124,290.8,100,4.3,190.8,80.8,40,29.8,29,20.6,13.8,7.6,-3.6,6.8,11,7, 0.71 , 71.40 ,9,4,3.1,0.6,1.4
Seattle ,2009,125,316.8,97.9,4,218.9,76.7,41,33.3,27,17.5,0.9,-16.1,-5.5,-0.8,-10.8,8, 0.38 , 37.50 ,6,10,-6.9,-0.5,1.2
Tampa Bay ,2009,126,287.5,101.7,4,185.8,59.8,33,32.6,28,15.2,-1.6,-6.5,0,1.6,1.9,8, 0.38 , 37.50 ,6,10,-9.8,-0.3,1.1
Tennessee ,2009,127,351.4,162,5.2,189.4,74.8,15,41.6,28,22.1,-5.2,-3.5,0,-8,-5.2,8, 0.38 , 37.50 ,6,10,-3,-0.3,1.4
Washington ,2009,128,312.5,94.4,3.9,218.1,85.5,46,39.8,29,16.6,-18,-5.6,-1.5,-6.3,-4.5,8, 0.43 , 42.90 ,6,8,-4.4,-0.7,1.6
Arizona ,2010,129,269.3,86.8,4.3,182.6,60.5,50,27.8,26,18.1,-4.1,1.1,0.2,-0.2,-5.1,8, 0.31 , 31.30 ,5,11,-9.1,-0.3,1
Atlanta,2010,130,341.1,118.2,3.8,222.9,90.8,23,46.7,32,25.9,-3.7,-7.2,-10,-4.6,-5.1,8, 0.65 , 64.70 ,11,5,5.8,0.6,2.2
Baltimore ,2010,131,322.9,114.4,3.8,208.4,93.6,40,39,31,22.3,-5.6,-2.8,-3.5,-0.9,-3.7,8, 0.53 , 52.90 ,8,7,5.7,0.5,1.6
Buffalo ,2010,132,305.3,107.5,4.3,197.8,75.3,34,37.9,28,17.7,9.8,-0.7,-9.6,-14.4,-5.2,8, 0.53 , 53.30 ,8,7,-8.9,-1.1,1.2
Carolina ,2010,133,258.4,115.4,4.3,143.1,57,50,30.4,27,12.2,-1.9,-0.8,-2.5,-0.7,-6.5,8, 0.25 , 25.00 ,4,12,-13.3,-0.5,0.6
Chicago ,2010,134,289.9,101,3.9,188.9,79.6,56,32.8,29,20.9,0,-16.1,-9.5,-7.1,4.3,8, 0.59 , 58.80 ,9,6,2.9,0.1,1.5
Cincinnati ,2010,135,330.6,95.1,3.6,235.4,82.4,28,38.8,31,20.1,-7.4,-24.3,-13.2,-8.7,-5.8,8, 0.44 , 43.80 ,7,9,-4.6,-0.5,1.7
Cleveland ,2010,136,289.7,102.9,4,186.8,75,36,37.1,28,16.9,-3,-10.9,-9.6,-16.5,-13.1,8, 0.33 , 33.30 ,5,11,-3.8,-0.1,1.2
Dallas,2010,137,364.1,111.6,4.2,252.4,90.4,32,40.8,31,24.6,-2.6,-4.7,1,3,0.6,8, 0.38 , 37.50 ,7,9,-2.6,0,1.8
Denver,2010,138,350.8,96.5,3.9,254.3,87,40,32.4,28,21.5,0.1,-17.4,-2,0.9,-2.4,8, 0.38 , 37.50 ,5,10,-7.9,-0.6,1.8
Detroit ,2010,139,338.9,100.8,4,238.1,82,27,40.1,29,22.6,-5.8,1,9.7,-2.2,-0.9,8, 0.75 , 75.00 ,12,4,-0.4,0.3,1.8
Green Bay ,2010,140,358.1,100.4,3.8,257.8,98.9,38,41.5,32,24.2,5.6,-15.9,8.4,-2.4,-0.4,8, 0.65 , 65.00 ,9,7,9.7,0.8,2.1
Houston ,2010,141,387.6,127.6,4.8,259.9,92.1,32,41.1,29,24.4,6.4,-7.5,-2.7,-0.1,0.9,8, 0.33 , 33.30 ,6,10,-2.3,0,2.1
Indianapolis ,2010,142,380.8,92.7,3.8,288.1,91.9,16,44.6,29,27.2,8.8,-12.7,-5.4,16.7,8.5,9, 0.50 , 50.00 ,8,7,2.7,-0.2,2.2
Jacksonville ,2010,143,341.4,149.7,4.7,191.7,83.4,37,39.9,31,22.1,0.7,9,5.8,12.9,9.6,9, 0.56 , 56.30 ,9,7,-4.1,-0.9,1.8
Kansas City ,2010,144,349.7,164.2,4.7,185.5,90.1,32,36.7,31,22.9,-4.1,0,5.3,-0.1,3.3,9, 0.53 , 52.90 ,9,7,1,0.4,1.8
L.A. Chargers ,2010,145,395.6,113.1,4,282.4,101.9,38,44.9,33,27.6,-1.7,13.1,13.9,-4.6,7.6,9, 0.50 , 50.00 ,8,7,7.4,-0.4,2.1
L.A. Rams ,2010,146,302.9,98.6,3.7,204.2,76.5,34,33.2,31,18.1,-27,-2.3,4.4,7,-9.3,9, 0.63 , 62.50 ,10,6,-2.4,0.3,1.3
Las Vegas  ,2010,147,354.6,155.9,4.9,198.8,77.5,44,34.1,31,25.6,8.5,-7.1,-0.7,10.4,5.5,9, 0.50 , 50.00 ,9,7,2.4,-0.1,1.6
Miami ,2010,148,323.1,102.7,3.7,220.4,74.8,38,40,30,17.1,-2.6,3.9,-6,4,3.4,9, 0.50 , 50.00 ,8,8,-3.8,-0.8,1.1
Minnesota ,2010,149,314.9,121.4,4.4,193.6,67.7,36,34.6,30,17.6,-9.7,4.4,0.6,1.9,-0.4,9, 0.31 , 31.30 ,5,11,-4.2,-0.7,1.3
N.Y. Giants ,2010,150,380.3,137.5,4.6,242.8,85.3,16,35.9,32,24.6,11.4,4.2,-3,9,7.6,9, 0.44 , 43.80 ,7,9,11.6,1.6,2.6
N.Y. Jets ,2010,151,351.6,148.4,4.4,203.2,76.6,28,39.6,32,22.9,-10.2,-12.8,-5.5,0.5,-8.9,9, 0.58 , 57.90 ,9,7,4.2,-0.4,2.1
New England ,2010,152,363.8,123.3,4.3,240.4,109.8,25,48.2,29,32.4,12.4,8.7,4.1,1.2,10,9, 0.63 , 62.50 ,10,5,2.9,-0.2,1.9
New Orleans ,2010,153,372.5,94.9,4,277.6,90.8,26,48.8,32,24,-3.9,-3.9,-15,12.8,7.7,9, 0.41 , 41.20 ,7,9,3.5,0.5,1.4
Philadelphia ,2010,154,389.4,145.2,5.4,244.1,92.1,49,39.7,31,27.4,4.7,3.6,-3.4,2.6,0.8,9, 0.47 , 47.10 ,7,9,3.4,0.6,1.9
Pittsburgh ,2010,155,345.2,120.2,4.1,225,95.2,43,43.1,32,23.4,7,3.8,2.3,-4,8.3,9, 0.63 , 63.20 ,10,6,7.8,0.7,1.7
San Francisco ,2010,156,313.3,103.6,4.1,209.8,79.4,44,31.9,28,19.1,-7,-0.5,-7.4,-15.3,1.8,9, 0.44 , 43.80 ,6,10,-2.6,-0.1,1.3
Seattle ,2010,157,297.9,89,3.7,208.9,72.1,35,35.5,27,19.4,3.9,2.5,20.4,-1.2,13.2,9, 0.44 , 44.40 ,7,9,-5.7,-0.4,1.4
Tampa Bay ,2010,158,335.1,125.1,4.6,210.1,96.2,30,42.2,30,21.3,4.9,0,16.8,0.5,9.7,9, 0.64 , 64.30 ,10,5,1.4,0.6,1.4
Tennessee ,2010,159,302.1,107.9,4.3,194.2,82.6,27,34.8,26,22.2,1.7,0.2,3.5,-6.8,3,10, 0.50 , 50.00 ,8,8,1.1,-0.3,1.6
Washington ,2010,160,335.9,91.3,4.2,244.6,78,46,29.3,28,18.9,-14.2,-1.7,4.5,-26.1,4.5,10, 0.62 , 61.50 ,8,6,-4.7,-0.3,1.4
Arizona ,2011,161,324.5,101.6,4.2,222.9,73.9,54,32.2,28,19.5,0,-12.7,10.6,-11.6,-5.3,10, 0.56 , 56.30 ,9,7,-2.3,-0.8,1.4
Atlanta,2011,162,376.6,114.6,4,262,91.1,26,44.4,32,25.1,-4.4,-0.5,-19.5,12.4,1.2,10, 0.47 , 46.70 ,7,8,1.8,0.5,1.8
Baltimore ,2011,163,338.7,124.8,4.3,213.9,81.7,33,42.4,30,23.6,-8.2,-3.1,-16.2,4.1,-10.2,10, 0.53 , 52.90 ,8,7,6.4,0.4,1.6
Buffalo ,2011,164,351.6,120.1,4.9,231.6,77,23,32.5,30,23.2,-10.4,0,-3.6,-8.5,-0.8,10, 0.40 , 40.00 ,6,9,-3.9,0.1,1.8
Carolina ,2011,165,389.6,150.5,5.4,239.1,84.8,36,40.3,30,25.4,9.8,2.4,12.8,13.5,14.2,10, 0.56 , 56.30 ,9,7,-1.4,0.1,2.1
Chicago ,2011,166,314.1,125.9,4.4,188.2,73.8,49,32.5,30,22.1,11.3,11.1,12.8,7.8,13,10, 0.50 , 50.00 ,8,8,0.8,0.1,1.3
Cincinnati ,2011,167,319.9,111.1,3.9,208.8,79.6,25,36.5,30,21.5,-2.3,8.9,6.6,3.7,16.7,10, 0.53 , 53.30 ,8,6,0,-0.2,1.4
Cleveland ,2011,168,288.8,95.7,3.7,193.1,72.8,39,38.7,29,13.6,8.4,8.2,8,2.8,1,10, 0.53 , 53.30 ,7,7,-5.6,0.1,0.8
Dallas,2011,169,375.5,112.9,4.4,262.6,100.1,39,39.4,31,23.1,-6.3,5.8,11.1,6.1,6.6,10, 0.33 , 33.30 ,5,10,1.4,0.3,1.6
Denver,2011,170,316.6,164.5,4.8,152.1,73.5,42,30.8,29,19.3,-18.6,-3.1,3.5,-6.8,-7.2,10, 0.44 , 44.40 ,7,9,-6.1,-0.6,1.1
Detroit ,2011,171,396.1,95.2,4.3,300.9,97.2,36,35.8,30,29.6,2.7,-2,-3,-5.7,-1.8,10, 0.47 , 46.70 ,7,7,4.1,0.6,2.4
Green Bay ,2011,172,405.1,97.4,3.9,307.8,122.6,41,48.4,30,35,-12.6,5.5,4,-1.6,-6,10, 0.65 , 64.70 ,11,5,10.8,1.2,2.6
Houston ,2011,173,372.1,153,4.5,219.1,92.7,33,41.5,32,23.8,-13.2,-12.5,-0.4,-4.3,-1.9,10, 0.71 , 70.60 ,9,5,6.5,0.3,1.7
Indianapolis ,2011,174,286.8,99.6,4.2,187.2,72.2,35,34.6,26,15.2,7,0,-13.1,-3.1,3.8,10, 0.38 , 37.50 ,6,10,-11.7,-0.8,1
Jacksonville ,2011,175,259.3,123.1,4,136.2,62.2,44,33.6,30,15.2,3.6,3.3,-2,-23.4,-5.4,10, 0.47 , 46.70 ,7,8,-5.4,0.3,1.1
Kansas City ,2011,176,310.8,118.3,3.9,192.5,73,34,36,29,13.2,-5.7,13.6,-1.3,-5.4,-10.9,11, 0.56 , 56.30 ,9,7,-7.9,-0.1,0.8
L.A. Chargers ,2011,177,393.1,116.5,4.3,276.6,88.7,30,48.8,32,25.4,-11.8,-17.8,-4.5,-8.3,14.1,11, 0.38 , 37.50 ,6,10,1.8,-0.4,1.8
L.A. Rams ,2011,178,283.6,104.2,4.1,179.4,69,55,28.1,28,12.1,-34.7,-14.1,-10,-11.5,-23.4,11, 0.20 , 20.00 ,3,12,-13.4,-0.3,0.8
Las Vegas  ,2011,179,379.5,131.9,4.5,247.6,79.4,25,35.7,29,22.4,-16.4,0,-9.7,-6.6,-14.3,11, 0.60 , 60.00 ,9,6,-4.6,-0.3,1.5
Miami ,2011,180,317.4,124.2,4.2,193.2,84.9,52,33.3,30,20.6,0.8,-2.6,1.4,-4.1,11.7,11, 0.56 , 56.30 ,9,6,1,-0.4,1.6
Minnesota ,2011,181,329.7,144.9,5.2,184.8,74.6,49,38.4,28,21.2,-1.6,-6,17.4,-0.9,12,11, 0.43 , 42.90 ,6,8,-6.8,-0.2,1.9
N.Y. Giants ,2011,182,385.1,89.2,3.5,295.9,92.9,28,37.4,29,24.6,2,-4.9,-5.3,0,-5.6,11, 0.63 , 63.20 ,8,7,11.6,0.8,3
N.Y. Jets ,2011,183,311.8,105.8,3.8,206.1,78.4,40,34.7,30,23.6,0,-5.7,1.5,-0.6,1.6,11, 0.38 , 37.50 ,6,10,12.3,-0.4,2.7
New England ,2011,184,428.2,110.2,4,318,105.7,32,45.9,28,32.1,0.6,2.2,-4.4,0.9,5.4,11, 0.53 , 52.60 ,9,7,1.9,0.6,1.9
New Orleans ,2011,185,467.1,132.9,4.9,334.2,110.5,24,56.7,31,34.2,-9.6,-5.2,-5.2,7.5,3.6,11, 0.72 , 72.20 ,12,4,0.9,-0.2,2.1
Philadelphia ,2011,186,399.1,142.2,5.1,256.9,78.3,33,41.7,31,24.8,-13,-7.3,7.1,-0.5,-5.5,11, 0.50 , 50.00 ,8,8,4.3,-0.9,2.1
Pittsburgh ,2011,187,372.3,118.9,4.4,253.4,89.7,42,45.9,32,20.3,-0.1,-3.5,3.8,1.1,5.3,11, 0.41 , 41.20 ,7,9,5.4,-0.8,1.6
San Francisco ,2011,188,310.9,127.8,4.1,183.1,91.4,44,29.4,32,23.8,4.7,-8.8,-6.9,18.8,-6.6,11, 0.77 , 76.50 ,12,3,8.4,1.7,1.3
Seattle ,2011,189,303.8,109.8,4,194.1,77.6,50,33.8,28,20.1,2.4,-4,3.7,-10.8,-6.3,11, 0.60 , 60.00 ,9,6,0.4,0.5,1.4
Tampa Bay ,2011,190,319.2,91.1,4.2,228.1,73.6,32,36.9,29,17.9,-12,-19.2,-1.5,-10,-6.1,11, 0.25 , 25.00 ,4,12,-12.9,-1,1.2
Tennessee ,2011,191,335.1,89.9,3.8,245.2,84.4,24,36.7,27,20.3,-1.3,-5.6,-20.6,-5.2,-9.6,11, 0.40 , 40.00 ,7,8,0.5,0.1,1.4
Washington ,2011,192,336.7,100.9,4,235.8,73.3,40,36.8,30,18,3,6.3,10.2,4.5,1.9,11, 0.44 , 43.80 ,7,9,-4.9,-0.9,1.3
Arizona ,2012,193,263.1,75.2,3.4,187.8,63.1,57,25.2,29,15.6,-8.7,-12.2,-20.3,-0.9,5,12, 0.47 , 46.70 ,7,8,-6.7,-0.1,1
Atlanta,2012,194,369.1,87.3,3.7,281.8,99.1,28,45.1,30,26.2,4.1,12.3,2.4,12.9,12.3,12, 0.56 , 56.30 ,9,6,6.6,0.7,2.2
Baltimore ,2012,195,352.5,118.8,4.3,233.7,86.4,38,36.9,28,24.9,5.3,-0.1,-0.2,3.1,4.9,12, 0.53 , 52.60 ,6,9,4.6,0.7,1.9
Buffalo ,2012,196,342.9,138.6,5,204.3,82.2,30,38.9,30,21.5,3.3,11.1,8.6,-9.6,11.7,12, 0.44 , 43.80 ,7,9,-5.7,-0.8,1.5
Carolina ,2012,197,360.7,130.5,4.5,230.2,86.5,36,43.1,29,22.3,9.8,12,8.6,13.7,9.8,12, 0.56 , 56.30 ,9,7,-0.4,0.1,1.6
Chicago ,2012,198,310.1,123.1,4.2,187,80.4,44,36.5,31,23.4,13.9,3.5,11.1,11.1,10.7,12, 0.44 , 43.80 ,7,9,6.1,1.3,1.4
Cincinnati ,2012,199,332.7,109.1,4.1,223.6,88.1,46,34.1,30,24.4,6.2,-2,7,4.2,9.6,12, 0.56 , 56.30 ,9,6,3.8,0.2,1.8
Cleveland ,2012,200,314.2,99.6,4,214.7,73.5,36,30.7,28,18.9,2.7,-6.2,-2.7,-5.7,6,12, 0.53 , 53.30 ,8,7,-4.1,0.2,1.1
Dallas,2012,201,374.6,79.1,3.6,295.6,91.3,36,43.9,31,23.5,2.6,19,-1,2.3,13.9,12, 0.38 , 37.50 ,6,10,-1.5,-0.8,1.6
Denver,2012,202,397.9,114.5,3.8,283.4,105.3,21,45.1,31,30.1,5.1,-0.4,3.3,6.4,8.3,12, 0.59 , 58.80 ,10,6,11.1,-0.2,2.5
Detroit ,2012,203,408.8,100.8,4.1,307.9,81.5,29,41.8,32,23.2,8.3,-1.8,9.8,0.5,0,12, 0.38 , 37.50 ,6,10,-4.1,-1,2.1
Green Bay ,2012,204,359.4,106.4,3.9,253.1,108.3,51,42.3,30,27.1,-5.6,1.7,-10,-0.3,7.2,12, 0.56 , 55.60 ,9,7,5.4,0.5,2.1
Houston ,2012,205,372.1,132.7,4.2,239.4,89.2,28,37.6,33,26,1.7,1.2,3.2,-21.5,-1.4,12, 0.56 , 55.60 ,9,7,4.3,0.6,1.9
Indianapolis ,2012,206,362.4,104.4,3.8,258,76.4,41,42.8,30,22.3,-1.4,15,-5.4,7.2,2,12, 0.65 , 64.70 ,11,5,-2.6,-0.7,1.5
Jacksonville ,2012,207,299.7,85.6,3.8,214.1,74.7,50,29.6,28,15.9,0.8,8.9,18.7,1.4,5.8,12, 0.44 , 43.80 ,7,9,-11.8,-0.2,1
Kansas City ,2012,208,319.2,149.7,4.8,169.6,63.8,40,33,30,13.2,7.6,5.1,-1.1,7.7,4.4,12, 0.31 , 31.30 ,5,11,-13.4,-1.5,0.6
L.A. Chargers ,2012,209,297.2,91.3,3.6,205.9,88.5,49,37.8,31,21.9,0.9,6.3,-0.8,-2.7,-2.2,12, 0.44 , 43.80 ,7,9,0,0.1,1.4
L.A. Rams ,2012,210,329.1,107.2,4.2,221.9,82.7,35,32.1,29,18.7,-9.9,-1.3,-5.9,-5.5,-5.2,13, 0.69 , 68.80 ,11,5,-3.1,-0.1,1.2
Las Vegas  ,2012,211,344,88.8,3.8,255.2,82.4,27,35,29,18.1,-10.1,1.6,-1.1,9,3.4,13, 0.31 , 31.30 ,5,11,-9.6,-0.4,1.1
Miami ,2012,212,312.9,112.8,4.1,200.1,76.9,38,37.7,28,18,-10.9,-1.5,2.6,1.5,2.8,13, 0.47 , 46.70 ,8,8,-1.8,-0.6,1.3
Minnesota ,2012,213,336.6,164.6,5.4,171.9,81.2,32,37.1,28,23.7,9.7,-5.5,-1.3,8.6,1.4,13, 0.50 , 50.00 ,8,7,1,-0.2,1.6
N.Y. Giants ,2012,214,355.4,116.4,4.6,239.1,87.2,20,40.6,29,26.8,-4.8,-0.3,-1.1,-8.9,1,13, 0.47 , 46.70 ,7,8,12.4,1.3,3
N.Y. Jets ,2012,215,299.2,118.5,3.8,180.7,68.3,47,36.9,30,17.6,2.3,7,16.5,0.6,5.8,13, 0.44 , 43.80 ,7,9,0.4,0.1,2.4
New England ,2012,216,427.9,136.5,4.2,291.4,97.7,27,48.7,30,34.8,4.2,0,-1,9,4.5,13, 0.59 , 58.80 ,9,7,5.3,0.9,2.1
New Orleans ,2012,217,410.9,98.6,4.3,312.3,96.4,26,44,29,28.8,-8.5,6.9,-8.2,-18.1,-11.6,13, 0.50 , 50.00 ,8,8,-5.9,-0.9,1.4
Philadelphia ,2012,218,354.1,117.1,4.5,236.9,78.6,48,37.4,29,17.5,13.1,-3.2,-3.1,-10.3,7,13, 0.20 , 20.00 ,3,12,-10.3,-1.5,1.4
Pittsburgh ,2012,219,332.8,96.1,3.7,236.7,88.1,37,42,32,21,-10.9,13.1,0,-7.2,4.8,13, 0.40 , 40.00 ,6,9,1.4,-0.6,1.7
San Francisco ,2012,220,361.8,155.7,5.1,206.1,101.2,41,35.1,31,24.8,-3.4,-1.7,-6.9,-1.1,-1.3,13, 0.56 , 55.60 ,9,7,7.9,0.6,1.9
Seattle ,2012,221,350.6,161.2,4.8,189.4,100.6,33,40.2,31,25.8,-8.6,-15.2,-1,9.8,-10.2,13, 0.72 , 72.20 ,11,5,9.7,0.7,1.9
Tampa Bay ,2012,222,363.8,114.8,4.4,248.9,81.8,26,35.8,30,24.3,2.7,3.5,-2.9,9.1,0.7,13, 0.67 , 66.70 ,10,5,-0.3,0.2,1.6
Tennessee ,2012,223,313.1,105.4,4.5,207.7,76.9,39,38.2,27,20.6,1.9,-4.3,10,-4.5,-1.7,13, 0.38 , 37.50 ,6,10,-8.8,-0.3,1.1
Washington ,2012,224,383.5,169.3,5.2,214.2,102.1,33,35.8,31,27.2,-9,-2.9,-10.9,-2.9,-1.3,13, 0.65 , 64.70 ,11,5,2.2,0.9,2
Arizona ,2013,225,346.4,96.2,3.6,250.1,83.9,41,35.2,30,23.7,-20.7,-16.6,-3.1,-1.8,-7.7,13, 0.67 , 66.70 ,11,5,3.4,-0.1,1.6
Atlanta,2013,226,343.1,77.9,3.9,265.2,89.5,44,43,30,22.1,-3.8,-4.2,-12.6,-16.4,-5.8,13, 0.44 , 43.80 ,7,9,-5.6,-0.4,1.7
Baltimore ,2013,227,307.4,83,3.1,224.4,72,48,36.4,30,20,15.1,5.6,6.5,-1.2,5.8,14, 0.40 , 40.00 ,7,9,-2,-0.3,1.5
Buffalo ,2013,228,338.1,144.2,4.2,193.9,75,48,34.3,28,21.2,3.7,17.1,4.6,18.6,12.4,14, 0.50 , 50.00 ,8,8,-3.1,0.2,1.3
Carolina ,2013,229,318.6,126.6,4.2,191.9,89,43,43.8,31,22.9,17.1,4.3,-3.9,-3.3,5,14, 0.56 , 56.30 ,9,6,6.6,0.5,1.5
Chicago ,2013,230,382.3,114.2,4.5,268.1,96.9,30,42.1,31,27.8,6.9,1.5,10.2,4.5,8.7,14, 0.29 , 28.60 ,4,11,-2.1,0.3,2.2
Cincinnati ,2013,231,369.3,109.7,3.6,259.6,89.1,29,40.9,32,26.9,-6.2,1.7,9.4,-0.1,3.4,14, 0.63 , 62.50 ,10,5,6.4,-0.2,2.1
Cleveland ,2013,232,340.9,86.4,4,254.4,75.9,49,35,28,19.2,-11.1,-13.6,-1,-10,-13.8,14, 0.38 , 37.50 ,6,10,-6.1,-0.5,1.2
Dallas,2013,233,341.1,94,4.5,247.1,95.7,35,35,29,27.4,-7.3,3.1,-7.6,-7.7,-1.5,14, 0.56 , 56.30 ,9,7,0.4,0.5,2.2
Denver,2013,234,457.3,117.1,4.1,340.2,114.4,20,46.3,30,37.9,11,3,-24.5,-21.1,6.4,14, 0.61 , 61.10 ,10,5,12.4,-0.1,3.1
Detroit ,2013,235,392.1,112,4,280.1,84.2,23,43,32,24.7,-1.8,-16,8.4,18.7,10.9,14, 0.38 , 37.50 ,6,10,1.2,-0.8,2.2
Green Bay ,2013,236,400.2,133.5,4.7,266.8,91.7,45,41.2,30,26.1,3.4,-26.8,-6.3,6.7,-8.3,14, 0.47 , 47.10 ,7,9,-0.8,-0.1,2.1
Houston ,2013,237,347.2,108.9,4.2,238.3,74,42,35.9,31,17.2,-16.9,0.2,31.6,0.6,0.5,14, 0.25 , 25.00 ,4,12,-9.5,-1.3,1.3
Indianapolis ,2013,238,341.8,108.9,4.3,232.8,86.5,32,37.6,29,24.4,-0.8,-22.8,-1,-7.2,-4.9,14, 0.59 , 58.80 ,10,6,1.9,0.3,1.8
Jacksonville ,2013,239,293.8,78.8,3.3,215.1,71.8,51,31.1,27,15.4,-6.6,1.5,10.9,9.1,1,14, 0.33 , 33.30 ,5,10,-12.6,-0.4,1.1
Kansas City ,2013,240,337.2,128.5,4.7,208.8,88.6,41,34.9,31,26.9,0.1,-1.3,0.9,-0.6,-3.1,14, 0.53 , 52.90 ,9,7,7.3,1.2,2.2
L.A. Chargers ,2013,241,393.3,122.8,4,270.5,105.5,30,49,33,24.8,-0.4,3.1,3.8,7.7,2.8,14, 0.65 , 64.70 ,9,6,3.2,0.1,1.9
L.A. Rams ,2013,242,304.8,109.5,4.1,195.3,84.8,36,34.4,29,21.8,12.2,14.3,-5.5,9.6,0.9,14, 0.44 , 43.80 ,7,9,-1,0.5,1.6
Las Vegas  ,2013,243,333.8,125,4.6,208.8,74,45,35,29,20.1,6.2,-23.7,-5.9,-7.1,-10.6,14, 0.47 , 46.70 ,7,8,-8.2,-0.6,1.6
Miami ,2013,244,312.9,90,4.1,222.9,80.1,58,35,28,19.8,10.1,9.5,11.7,12.1,-11.9,15, 0.56 , 56.30 ,9,7,-1.1,-0.1,1.6
Minnesota ,2013,245,344.2,130.1,4.9,214.2,76,44,36.4,28,24.4,1,11.5,5.9,-3,14.2,15, 0.56 , 56.30 ,9,7,-5.6,-0.8,1.6
N.Y. Giants ,2013,246,307.5,83.2,3.5,224.2,67.6,40,32.7,29,18.4,-4.6,1,-8.4,-7.2,1.7,15, 0.44 , 43.80 ,7,9,6.5,0.7,2.4
N.Y. Jets ,2013,247,318.1,134.9,4.4,183.2,66.6,47,39,30,18.1,-19.3,4.5,-3.6,-2.4,-17,15, 0.60 , 60.00 ,9,6,5.8,-0.2,1.9
New England ,2013,248,385.4,129.1,4.4,256.4,87.4,39,37.6,30,27.8,-18,-25.4,-2.1,-2.6,-0.5,15, 0.50 , 50.00 ,8,8,-5.6,-0.9,1.1
New Orleans ,2013,249,399.4,92.1,3.8,307.4,104.5,37,43.9,32,25.9,1.3,-10.2,-13,-9,4,15, 0.56 , 55.60 ,8,8,-6.1,-0.9,1.3
Philadelphia ,2013,250,417.2,160.4,5.1,256.9,102.7,46,39,26,27.6,0.2,-9.9,-19,-17.7,-11.2,15, 0.47 , 47.10 ,8,8,3.4,0.8,1.9
Pittsburgh ,2013,251,338.8,86.4,3.5,252.4,92.4,43,38,30,23.7,-14.9,-22.1,-14.5,-22.1,-4.1,15, 0.56 , 56.30 ,9,7,0.6,-0.3,1.8
San Francisco ,2013,252,323.8,137.6,4.4,186.2,91.7,39,36.5,30,25.4,-0.9,-15.7,-8.2,-11.4,-8.3,15, 0.63 , 63.20 ,11,5,7.6,0.6,1.8
Seattle ,2013,253,339,136.8,4.3,202.2,102.4,44,37.3,30,26.1,-15.5,0,-6,4,-9.3,15, 0.68 , 68.40 ,11,5,11.1,1.3,1.8
Tampa Bay ,2013,254,277,100.8,3.8,176.2,79.6,47,31.2,29,18,2.9,-10.5,-6.3,-6.5,-2.3,15, 0.38 , 37.50 ,6,10,-6.3,0.6,1.1
Tennessee ,2013,255,336.9,118.4,4.1,218.5,83.6,37,41.4,30,22.6,16,-1.7,21.1,-4.9,9.5,15, 0.50 , 50.00 ,6,8,-1.2,0,1.8
Washington ,2013,256,369.7,135.2,4.8,234.4,76.1,43,40.4,30,20.9,1.9,-3.5,-9.9,-12.4,1.5,15, 0.31 , 31.30 ,5,11,-9,-0.5,1.6
Arizona ,2014,257,319.8,81.8,3.3,238,81.8,28,40.2,29,19.4,-5.9,0.2,-16.3,-5,0.8,15, 0.65 , 64.70 ,11,5,0,0.5,1
Atlanta,2014,258,378.2,93.6,4,284.6,93.4,31,44.3,29,23.8,-5.7,-8,-16.6,-3.5,-15,15, 0.44 , 43.80 ,7,9,-2.3,0.3,1.7
Baltimore ,2014,259,364.9,126.2,4.5,238.7,91,19,41,29,25.6,-6.2,-9.3,-12.9,-5.9,-19.6,15, 0.56 , 55.60 ,7,8,6.4,0.2,2.2
Buffalo ,2014,260,318.5,92.6,3.7,225.9,86,39,36.7,29,21.4,0.3,6,2.8,5.2,1,15, 0.56 , 56.30 ,9,7,3.4,0.4,1.4
Carolina ,2014,261,348.6,127.2,4.3,221.3,86.5,43,41.9,32,21.2,-2.3,-3.7,-8.5,6.1,6.6,16, 0.50 , 50.00 ,8,8,-2.1,0,1.4
Chicago ,2014,262,327.5,90.1,4.1,237.4,87.3,41,37.7,30,19.9,2.8,-8.4,-5.5,-4.8,-16.5,16, 0.44 , 43.80 ,7,9,-7.7,-0.3,1.9
Cincinnati ,2014,263,348,134.2,4.4,213.8,84.2,23,39.8,30,22.8,-21.7,-6.9,-7.8,-18.6,-6.1,16, 0.50 , 50.00 ,8,7,0.3,0,1.7
Cleveland ,2014,264,326.1,108,3.6,218.1,73,31,29.5,28,18.7,-5.5,-17.3,1.5,-8,-4.5,16, 0.60 , 60.00 ,9,5,-2.4,0.4,1.5
Dallas,2014,265,383.6,147.1,4.6,236.5,110.9,30,47.3,32,29.2,-12.5,0,-2.4,0.5,4.8,16, 0.61 , 61.10 ,10,6,6.3,0.4,2.1
Denver,2014,266,402.9,111.6,4,291.3,101.3,17,44.1,30,30.1,-3.7,0,-17.2,-14.1,0.6,16, 0.47 , 47.10 ,8,8,6.9,0.4,2.4
Detroit ,2014,267,340.8,88.9,3.6,251.9,85.9,45,38.6,31,20.1,-9.2,-5.9,-12.2,-12.5,-18.8,16, 0.50 , 50.00 ,7,9,2.1,0.3,1.5
Green Bay ,2014,268,386.1,119.8,4.4,266.3,109.9,30,47.2,30,30.4,1.1,4.4,-1.4,0.5,11,16, 0.59 , 58.80 ,9,6,7.6,0.9,2.2
Houston ,2014,269,344.6,135.1,3.9,209.5,86.4,26,38.7,31,23.2,9.3,-0.1,1.8,15.5,-6.6,16, 0.60 , 60.00 ,9,6,4.1,0.8,1.6
Indianapolis ,2014,270,406.6,100.8,3.9,305.9,96.8,29,41,31,28.6,8.3,1.2,20.5,12.2,-6,16, 0.67 , 66.70 ,10,5,4.1,-0.4,2
Jacksonville ,2014,271,289.6,102.1,4.5,187.6,72,71,31.9,27,15.6,-3.7,15.1,3.7,6.9,-0.7,16, 0.40 , 40.00 ,6,9,-10.2,-0.4,0.8
Kansas City ,2014,272,318.8,119.9,4.6,198.9,92.2,49,39.8,29,22.1,11.3,0,9.9,1.5,-0.6,16, 0.63 , 62.50 ,10,6,4.5,-0.2,1.8
L.A. Chargers ,2014,273,341.6,85.4,3.4,256.1,93.4,37,45.1,30,21.8,6,5,16.5,9.3,11.6,16, 0.44 , 43.80 ,7,9,0,-0.3,1.6
L.A. Rams ,2014,274,314.7,102.2,4.1,212.5,84.9,47,35.4,29,20.2,16.6,3.8,6,14.3,13.5,16, 0.44 , 43.80 ,7,9,-1.9,-0.1,1.4
Las Vegas  ,2014,275,282.2,77.5,3.7,204.7,74.4,28,33.9,28,15.8,10.2,17.1,5.1,1.1,4.4,16, 0.50 , 50.00 ,8,8,-12.4,-0.9,1.3
Miami ,2014,276,350.1,117,4.7,233.1,92.5,46,40,30,24.2,5.6,8.4,-0.6,8.5,18,16, 0.44 , 43.80 ,7,9,0.9,0.1,2.2
Minnesota ,2014,277,316.7,112.8,4.4,203.9,79.3,51,39,28,20.3,10.9,0,6.7,11.6,3.8,16, 0.63 , 62.50 ,10,6,-1.1,-0.1,1.3
N.Y. Giants ,2014,278,367.2,100.2,3.6,267,92.2,30,43,30,23.8,3.2,13.2,10.3,14.2,9.6,17, 0.44 , 43.80 ,7,9,10.9,0.8,2.7
N.Y. Jets ,2014,279,326.6,142.5,4.5,184.1,75.1,47,38.9,31,17.7,4.1,0.6,3.2,26.4,10.4,17, 0.40 , 40.00 ,6,9,-1.4,-0.8,2.4
New England ,2014,280,365.5,107.9,3.9,257.6,97.5,26,44.1,29,29.2,3.2,3.9,10.6,-5.6,6.6,17, 0.58 , 57.90 ,9,7,-1.3,-0.1,2.3
New Orleans ,2014,281,411.4,113.6,4.5,297.8,97,30,48.3,30,25.1,-2.5,5.7,-5.5,9.2,7.9,17, 0.33 , 33.30 ,6,10,-7.4,-0.7,1.1
Philadelphia ,2014,282,396.8,124.5,4.2,272.2,84.8,32,43.5,26,29.6,2.6,0,2.8,10.4,6.5,17, 0.56 , 56.30 ,9,7,4.6,-0.5,1.8
Pittsburgh ,2014,283,411.1,109.5,4.1,301.6,103.2,33,44.7,32,27.2,6.6,0,-4.7,7.4,0.3,17, 0.53 , 52.90 ,9,7,3.2,-0.1,1.8
San Francisco ,2014,284,327.4,136,4.6,191.4,86.3,52,40.2,31,19.1,-0.9,-3.4,-4.5,-8.9,5.4,17, 0.38 , 37.50 ,6,9,-2.1,0.4,1.2
Seattle ,2014,285,375.8,172.6,5.3,203.1,95.1,42,42.5,32,24.6,8,7.7,6.6,7.5,-4,17, 0.58 , 57.90 ,9,6,8.9,0.6,1.9
Tampa Bay ,2014,286,292,85.9,3.9,206.1,75.2,52,37.4,27,17.3,1.7,-1,9.6,-17.4,5.1,17, 0.44 , 43.80 ,7,9,-8.3,-0.5,1.3
Tennessee ,2014,287,303.7,90.4,4.1,213.2,81,50,30.1,27,15.9,-8.1,-1.8,0,-1.8,-4.1,17, 0.20 , 20.00 ,3,12,-11.5,-0.6,1.2
Washington ,2014,288,358.6,105.7,4.2,252.9,88.8,58,31.5,30,18.8,2.2,1.1,-3.3,-6.9,1.6,17, 0.31 , 31.30 ,5,11,-8.6,-0.8,1.4
Arizona ,2015,289,408.3,119.8,4.2,288.5,100.9,27,47,32,30.6,2.9,-6.7,27.2,10.1,4.3,17, 0.50 , 50.00 ,9,7,8.2,0.1,2.3
Atlanta,2015,290,374.2,100.4,3.8,273.9,87.8,32,47.1,32,21.2,1.7,5.1,0,9.2,6.9,17, 0.38 , 37.50 ,6,10,-0.4,-0.4,1.8
Baltimore ,2015,291,359.3,92.4,3.9,266.9,79.4,24,37.6,30,20.5,2.4,-2.5,-9.3,-3.4,4.5,17, 0.36 , 35.70 ,5,9,-4.6,-0.9,1.4
Buffalo ,2015,292,360.9,152,4.8,208.9,95.6,42,37.9,31,23.7,9.7,-2.3,-1.9,-15.7,-3.6,17, 0.53 , 53.30 ,8,7,1.3,0.4,1.2
Carolina ,2015,293,369,142.6,4.3,226.4,99.4,33,42.4,32,31.2,5.6,0.4,1.7,0,-0.8,17, 0.68 , 68.40 ,11,5,11.5,1.4,2.6
Chicago ,2015,294,344.8,115.9,4,228.9,89.7,33,42.5,31,20.9,3.4,5.7,-5.7,17.7,-0.9,17, 0.50 , 50.00 ,8,8,-3.9,-0.3,1.5
Cincinnati ,2015,295,358,112.8,3.9,245.2,104.1,32,40.3,31,26.2,-8.1,0,-5.4,-6.6,0.8,18, 0.80 , 80.00 ,12,3,8.1,0.5,2.3
Cleveland ,2015,296,331.9,95.6,4,236.4,84,53,41.9,31,17.4,-17.9,-14.2,-13.4,-7.9,-9.7,18, 0.33 , 33.30 ,6,10,-9.6,-0.6,1.1
Dallas,2015,297,337.3,118.1,4.6,219.2,76.8,33,34.6,31,17.2,-26.1,-0.5,-20.4,-6.6,-15.1,18, 0.27 , 26.70 ,4,11,-6.2,-1.4,1.3
Denver,2015,298,355.5,107.4,4.2,248.1,76.3,39,35.3,30,22.2,-13.7,-34.3,-17.5,-38.8,-10.1,18, 0.59 , 58.80 ,8,8,4.3,0,1.3
Detroit ,2015,299,346.7,83.4,3.8,263.2,95.1,44,36.9,31,22.4,4,-14.8,-10.1,-17.3,0,18, 0.44 , 43.80 ,7,9,-2.6,-0.3,2.1
Green Bay ,2015,300,334.6,115.6,4.2,218.9,92.7,47,33.7,30,23,-10.2,-11.9,-23.1,-12.7,-7.6,18, 0.61 , 61.10 ,9,7,3.1,0.3,1.8
Houston ,2015,301,347.8,108.2,3.7,239.6,85.3,36,38.6,30,21.2,-6.3,6.5,-9.6,-1.7,7,18, 0.53 , 52.90 ,9,7,-0.2,0.1,1.5
Indianapolis ,2015,302,321.4,89.9,3.6,231.5,77.5,37,40,30,20.8,-2.4,-8.8,-11.4,14.4,3.3,18, 0.50 , 50.00 ,8,8,-4.7,-0.3,1.6
Jacksonville ,2015,303,348.8,92.1,4.2,256.8,88.1,51,35.1,27,23.5,8.1,-6.4,-10.3,-6.2,6.7,18, 0.47 , 46.70 ,7,8,-4.5,-0.6,1.8
Kansas City ,2015,304,331.2,127.8,4.7,203.4,95.4,46,38.2,30,25.3,12.8,-5.2,1,0,-4.8,18, 0.50 , 50.00 ,8,8,7.8,0.9,1.9
L.A. Chargers ,2015,305,371.8,84.9,3.5,286.9,94.5,40,42,31,20,-8.5,-13.6,-18.8,-2,-11.4,18, 0.50 , 50.00 ,8,8,-4.9,-0.3,1.8
L.A. Rams ,2015,306,297.6,122.2,4.6,175.3,74.1,18,25.9,28,17.5,-2,9.9,10.2,10.5,10.4,18, 0.47 , 46.70 ,7,8,-3.1,0.3,1.2
Las Vegas  ,2015,307,334.9,91.1,3.9,243.9,91.1,33,39.1,29,22.4,4.2,3.1,6.1,6.1,18,18, 0.50 , 50.00 ,8,8,-2.5,0.1,1.6
Miami ,2015,308,331.7,93.5,4.3,238.2,88.9,45,30.7,27,19.4,-2.6,-15.6,16.6,-1.3,8.1,18, 0.31 , 31.30 ,5,11,-4.9,-0.2,1.4
Minnesota ,2015,309,321.2,138.2,4.7,183,87.9,45,38.2,30,22.8,4.4,6.1,3.2,19.1,0.3,18, 0.82 , 82.40 ,13,3,3.6,0.3,1.2
N.Y. Giants ,2015,310,372.4,100.6,4,271.9,94.6,27,37.8,28,26.2,14.6,2,3.8,9.5,12.4,18, 0.53 , 53.30 ,8,7,8.6,0.4,2.5
N.Y. Jets ,2015,311,370.3,116.8,4.2,253.6,88,22,40.6,31,24.2,-10.1,-8.5,-9.9,-4.3,2.9,18, 0.57 , 57.10 ,8,6,-4.3,0.1,2.2
New England ,2015,312,374.4,87.8,3.7,286.7,101.9,38,40.9,30,29.1,-11.3,-11.8,-6.2,-19.3,-8.9,19, 0.53 , 53.30 ,7,7,-1.4,0.4,1.5
New Orleans ,2015,313,403.8,93.2,3.8,310.6,100.6,32,47.7,31,25.5,-10,-30.4,-4.3,-15.6,2.5,19, 0.53 , 53.30 ,8,7,4.6,0.4,2.2
Philadelphia ,2015,314,364.4,108.9,3.9,255.4,85.6,37,39.6,26,23.6,-9.5,-17.9,-4.1,3,-4.3,19, 0.44 , 43.80 ,7,9,-3.3,-0.3,1.5
Pittsburgh ,2015,315,395.4,107.8,4.4,287.7,91.2,33,38.9,29,26.4,-5.5,-9,-5.4,-13.2,-14.4,19, 0.57 , 57.10 ,9,6,5.5,0.2,2
San Francisco ,2015,316,303.8,96.5,4,207.2,82.6,53,30.4,26,14.9,2.7,0,-13.8,-2,7,19, 0.44 , 43.80 ,7,9,-9.3,-0.3,1.1
Seattle ,2015,317,378.6,141.8,4.5,236.9,109.8,46,46.5,32,26.4,-12.1,11.6,-1.6,0.4,-8.7,19, 0.47 , 47.10 ,8,7,7.8,0.3,1.7
Tampa Bay ,2015,318,375.9,135.1,4.8,240.8,84.2,27,41.8,29,21.4,-18.2,3.6,-12.7,-14.7,-3,19, 0.44 , 43.80 ,7,9,-4.7,-0.3,1.7
Tennessee ,2015,319,311.8,92.8,4,218.9,85.5,54,31.8,29,18.7,-8.4,-12.7,-1.1,-2.2,-8.5,19, 0.27 , 26.70 ,4,11,-7.8,-0.9,1.6
Washington ,2015,320,353.8,97.9,3.7,255.9,102,27,43.5,31,24.2,-7.9,0,-10.2,-20.5,-8.9,19, 0.53 , 52.90 ,9,7,-0.5,0.3,1.8
Arizona ,2016,321,366.8,108.2,4.3,258.5,83.5,41,40.7,30,26.1,0.6,-8.8,3.1,4,0,19, 0.38 , 37.50 ,6,10,3.5,0,2.2
Atlanta,2016,322,415.8,120.5,4.6,295.3,116.8,37,42.1,30,33.8,-5.8,-0.5,7.1,3.7,4.3,19, 0.63 , 63.20 ,10,6,8.8,0.8,2.7
Baltimore ,2016,323,347.7,91.4,4,256.2,82.6,33,36.9,30,21.4,-7.6,-1.6,-8.4,-1.9,-1.5,19, 0.44 , 43.80 ,7,9,1.4,0.3,1.5
Buffalo ,2016,324,354.1,164.4,5.3,189.8,86.7,46,41,29,24.9,-9.5,-13.3,-15.5,2.7,-15.5,19, 0.40 , 40.00 ,6,10,1.3,0.4,2.2
Carolina ,2016,325,343.7,113.4,4,230.3,75.1,36,37.2,30,23.1,-15.1,-14.5,3.8,4.1,-12.2,19, 0.40 , 40.00 ,6,9,-2.1,-0.1,1.8
Chicago ,2016,326,356.5,108.4,4.6,248.1,81.8,28,37.8,28,17.4,3.8,-9.9,-18.4,0.4,1.7,19, 0.44 , 43.80 ,7,9,-7.5,-1.3,1.6
Cincinnati ,2016,327,356.9,110.6,4,246.4,91.8,41,39,30,20.3,-13,8.2,-1.4,2.3,-12,19, 0.40 , 40.00 ,7,9,0.6,0.2,1.8
Cleveland ,2016,328,311,107,4.9,204,77.4,66,36.3,28,16.5,-1.1,5.7,-0.3,-8.8,-0.4,19, 0.20 , 20.00 ,3,12,-11.8,-0.8,1.5
Dallas,2016,329,376.7,149.8,4.8,226.9,103,28,42.3,31,26.3,13.6,-12.5,-6.7,-1.7,-0.8,20, 0.63 , 62.50 ,10,6,6.6,0.3,2.4
Denver,2016,330,323.1,92.8,3.6,230.3,83.9,40,34.2,29,20.8,-10.7,-0.2,-2.8,-13.3,-14.4,20, 0.56 , 56.30 ,9,7,2.3,0.1,1.4
Detroit ,2016,331,338.8,81.9,3.7,256.9,93.3,37,42.6,30,21.6,-12.5,6.4,-4.6,6.9,-0.3,20, 0.47 , 47.10 ,8,8,-1.9,-0.1,1.5
Green Bay ,2016,332,368.8,106.3,4.5,262.4,102.3,35,46.7,31,27,-1.6,3.5,-2.7,1.8,-1.5,20, 0.61 , 61.10 ,9,6,2.6,0.4,2.6
Houston ,2016,333,314.7,116.2,4.1,198.5,73.3,32,37.3,31,17.4,-6.7,-4.4,6.7,-1.3,0.9,20, 0.41 , 41.20 ,6,9,-3,-0.2,1.2
Indianapolis ,2016,334,364.4,101.8,4,262.6,94.5,44,43.1,30,25.7,1,-7,-3.5,15.3,5.8,20, 0.47 , 46.70 ,7,8,1.2,-0.3,2.2
Jacksonville ,2016,335,334.9,101.9,4.2,233,79.5,34,35.3,29,19.9,-2.6,-9.9,9.2,6.4,-4.1,20, 0.50 , 50.00 ,8,8,-5.1,-1,1.5
Kansas City ,2016,336,343,109.2,4.2,233.8,93.2,32,38,30,24.3,-0.8,0.7,2.1,2.9,-3.4,20, 0.53 , 52.90 ,9,7,4.5,0.9,1.6
L.A. Chargers ,2016,337,356.8,94.4,3.8,262.4,87.6,36,42.5,30,25.6,-0.6,-19.9,-1.2,34.9,1.6,20, 0.44 , 43.80 ,7,9,-0.8,-0.4,2
L.A. Rams ,2016,338,262.7,78.2,3.3,184.4,69.5,49,31.5,29,14,-1.8,0,-9.2,-8.6,2,20, 0.27 , 26.70 ,4,11,-10.6,-0.7,1
Las Vegas  ,2016,339,373.3,120.1,4.4,253.2,95.3,18,38.1,31,26,0.6,3.4,-7.8,9.6,-2.7,20, 0.59 , 58.80 ,10,6,1.1,0.8,2
Miami ,2016,340,332.8,114,4.5,218.8,95.5,30,36.9,28,22.7,-3.2,-0.1,-15.2,-6.8,-4.8,20, 0.56 , 56.30 ,9,7,-2.1,0.1,1.6
Minnesota ,2016,341,315.1,75.3,3.2,239.8,97.7,38,38,30,20.4,-7.1,0,-8.3,-1.9,-1.2,21, 0.56 , 56.30 ,9,7,1.3,0.7,1.4
N.Y. Giants ,2016,342,330.7,88.2,3.5,242.4,86,22,34.7,28,19.4,-2.5,11.2,-0.8,11.4,4.1,21, 0.53 , 53.30 ,9,6,12.3,0.7,2.5
N.Y. Jets ,2016,343,329.2,112.6,4.3,216.6,67.6,35,36,30,17.2,-3.6,5.2,2.9,6,1.9,21, 0.40 , 40.00 ,6,10,0.9,-0.2,2.8
New England ,2016,344,386.2,117,3.9,269.2,109.5,24,45.8,31,27.6,10.6,32.1,-7.1,25.4,11.2,21, 0.84 , 84.20 ,13,3,0.1,-0.2,1.4
New Orleans ,2016,345,426,108.9,4.3,317.1,102.5,27,48.6,30,29.3,-4.8,-4.5,-3.8,-4.8,4.7,21, 0.69 , 68.80 ,11,5,-8.4,-1.3,1.2
Philadelphia ,2016,346,337.4,113.3,4.1,224.1,79.2,33,37.9,32,22.9,-14.5,-4,-1.9,-2.5,-8,21, 0.50 , 50.00 ,8,8,2.3,0.4,1.7
Pittsburgh ,2016,347,372.6,110,4.3,262.6,93.9,21,41.1,30,24.9,-0.7,18.1,-5.1,-3.2,2.8,21, 0.61 , 61.10 ,9,6,3.8,0.3,1.7
San Francisco ,2016,348,308.1,126.2,4.4,181.9,83.4,47,35.1,26,19.3,-9.7,-9.7,-1.1,-5.6,-7,21, 0.27 , 26.70 ,5,11,-10.7,-0.3,1.9
Seattle ,2016,349,357.2,99.4,3.9,257.8,93.4,42,38.2,30,22.1,-13.1,0,-3.3,9.7,-1.8,21, 0.47 , 47.10 ,8,8,3.7,-0.1,1.7
Tampa Bay ,2016,350,346.4,101,3.6,245.4,87,35,43.7,30,22.1,-1.4,2.1,5.3,18.7,2.2,21, 0.56 , 56.30 ,9,7,-0.9,0.1,1.8
Tennessee ,2016,351,358,136.7,4.6,221.3,93.7,28,46.1,30,23.8,0,0.4,-6.8,-2.1,3.1,21, 0.44 , 43.80 ,7,9,0.2,0,2.3
Washington ,2016,352,403.4,106,4.5,297.4,97.4,23,45.2,30,24.8,-3,14.5,6.2,14.6,5.9,21, 0.63 , 62.50 ,10,6,0.8,0,1.8
Arizona ,2017,353,314.1,86.6,3.4,227.5,76.2,52,35.2,31,18.4,-2.3,-3.2,0,8.7,0,21, 0.40 , 40.00 ,6,9,-4.1,-0.3,1.3
Atlanta,2017,354,364.8,115.4,4.3,249.4,92.4,24,44.7,29,22.1,6.2,-0.2,15,-4.1,8,21, 0.44 , 44.40 ,7,9,2.6,0.1,1.7
Baltimore ,2017,355,305.4,116,4,189.4,81.4,27,34.1,30,24.7,0.1,-3.6,-5,-3,-1.6,21, 0.53 , 53.30 ,8,7,5.8,1.1,1.9
Buffalo ,2017,356,302.6,126.1,4.1,176.6,82.1,47,41.9,28,18.9,-1.3,-3.2,4.9,1.7,0.4,21, 0.60 , 60.00 ,9,6,-3.8,0.4,1.4
Carolina ,2017,357,323.7,131.4,4.3,192.3,79.8,35,41.9,32,22.7,2.4,-4.1,-3.6,2.4,-0.7,21, 0.63 , 62.50 ,9,7,1.8,0,1.7
Chicago ,2017,358,287.4,111.8,4.2,175.7,79.1,39,34.6,29,16.5,-9.2,-2.4,0,4.4,4.9,22, 0.50 , 50.00 ,8,7,-3.5,0,1.3
Cincinnati ,2017,359,280.5,85.4,3.6,195.1,86,40,33.7,27,18.1,2.4,10.5,-0.9,5.4,9.8,22, 0.56 , 56.30 ,9,7,-3.7,-0.6,1.5
Cleveland ,2017,360,308.9,107.1,4.5,201.8,61.4,50,33.8,28,14.6,8.3,5.6,7.9,8.1,6.3,22, 0.25 , 25.00 ,4,12,-11,-1.8,1.2
Dallas,2017,361,331.9,135.6,4.5,196.3,86.3,32,42.9,30,22.1,-18.8,-1.3,-13.6,-16.9,18,22, 0.53 , 53.30 ,8,7,1.4,-0.1,1.9
Denver,2017,362,324.1,115.8,4.1,208.3,73,52,39,31,18.1,-17,0.4,-11.7,8.7,10.7,22, 0.27 , 26.70 ,4,11,-5.8,-1.1,1.2
Detroit ,2017,363,337.8,76.3,3.4,261.4,98.4,47,38.8,29,25.6,8.5,9.1,11,-4.6,-11.8,22, 0.53 , 53.30 ,8,7,2.1,0.6,1.6
Green Bay ,2017,364,305.7,107.8,4.5,197.9,81.9,51,39.3,29,20,10,0.1,3.9,7.3,11.4,22, 0.44 , 43.80 ,7,9,-4,-0.2,1.6
Houston ,2017,365,320,115.1,4.1,204.9,82.8,54,36.4,30,21.1,-14.5,-14,3.3,-4.8,3.1,22, 0.44 , 43.80 ,7,9,-6.1,-0.8,1.4
Indianapolis ,2017,366,284.6,103.8,3.7,180.8,79.7,56,38.2,29,16.4,-9.5,-9.8,-6,11.9,10.2,22, 0.50 , 50.00 ,8,8,-8.8,0.3,1
Jacksonville ,2017,367,365.9,141.4,4.3,224.6,84.4,24,37.3,32,26.1,2,-25.6,6.5,-6.6,-1.1,22, 0.58 , 57.90 ,9,7,8.2,0.8,2.1
Kansas City ,2017,368,375.4,118.9,4.7,256.5,100.8,37,39.2,30,25.9,-2.6,-2,-1,3.4,2.3,22, 0.59 , 58.80 ,10,6,4.4,1,1.4
L.A. Chargers ,2017,369,376.6,99.7,3.8,276.9,95.1,18,40.2,30,22.2,3.1,-15.7,-13.3,-6.7,0.8,22, 0.57 , 57.10 ,8,7,5.2,0.8,1.4
L.A. Rams ,2017,370,361.5,122.1,4.3,239.4,98.3,28,41.1,30,29.9,-10.4,-5.2,1.7,-15.2,2.5,22, 0.53 , 52.90 ,9,7,8,0.3,2.3
Las Vegas  ,2017,371,324.1,97.1,4.2,226.9,85.3,24,40.2,28,18.8,-9.8,-15.6,-12.7,1.1,-3.1,22, 0.36 , 35.70 ,5,9,-4.5,-0.9,1.3
Miami ,2017,372,307.7,86.8,3.9,220.9,78.7,33,31.7,29,17.6,0.5,0.1,-16.5,-5.7,-0.9,22, 0.36 , 35.70 ,5,9,-7,-0.9,1.3
Minnesota ,2017,373,356.9,122.3,3.9,234.6,99.1,27,43.5,32,23.9,-10.3,0,-1.9,-13.5,-7.5,22, 0.65 , 64.70 ,11,5,5.8,0.2,1.9
N.Y. Giants ,2017,374,314.2,96.8,3.9,217.4,79.8,34,32.6,28,15.4,-13.7,1.9,10.1,2.3,0.6,22, 0.44 , 43.80 ,7,9,9.4,0.3,2.7
N.Y. Jets ,2017,375,5.2,106.4,4,198.9,86.1,47,35.5,30,18.6,-1.9,-33.5,-4.3,4.7,8.8,23, 0.57 , 57.10 ,9,6,6.8,0.3,2.1
New England ,2017,376,394.2,118.1,4.2,276.1,102.6,35,40.6,30,28.6,-10.7,-2.8,-4.8,-4.9,-2.4,23, 0.63 , 63.20 ,11,5,-8.9,-0.2,1.2
New Orleans ,2017,377,391.2,129.4,4.7,261.8,103.9,20,37.6,31,28,29.3,-3.9,19,2.4,-2.7,23, 0.56 , 55.60 ,9,7,-5.3,-0.3,1.1
Philadelphia ,2017,378,365.8,132.2,4.5,233.6,97.6,36,41.7,32,28.6,-0.6,8.9,9.2,5.3,15.3,23, 0.68 , 68.40 ,10,6,10.8,0.6,2.2
Pittsburgh ,2017,379,377.9,104.2,3.8,273.8,94.1,24,44,31,25.4,3.2,1,6.2,2.4,14.8,23, 0.41 , 41.20 ,7,9,5.6,0,2.1
Pittsburgh ,2017,380,324.9,90.5,3.6,234.4,93.9,41,32.4,29,21.4,-6.3,-16.8,6.7,8.3,7.8,23, 0.56 , 56.30 ,9,7,-3.3,-0.2,1.5
San Francisco ,2017,381,349.2,103.9,4.1,245.3,78.8,43,38.9,29,20.7,-7.9,-16.3,-12.9,-10.2,1.8,23, 0.40 , 40.00 ,6,9,2.1,0.5,1.6
Seattle ,2017,382,330.4,101.8,4,228.6,94.4,43,37.3,29,22.9,8.2,-18.5,-13.9,-2,-8,23, 0.40 , 40.00 ,6,9,-2.9,-0.1,1.6
Tampa Bay ,2017,383,363.4,90.5,3.7,272.9,90.6,40,43.4,29,20.9,1.9,-8.9,-14.8,-5.5,-7,23, 0.53 , 52.90 ,8,7,-2.3,-0.3,1.3
Tennessee ,2017,384,314,114.6,4.1,199.4,77.1,35,35.1,30,20.9,7.2,0,-4.6,2.8,6,23, 0.44 , 43.80 ,7,9,-2.9,-0.3,1.6
Arizona ,2018,385,241.6,83.9,3.8,157.7,69,52,29.1,26,14.1,-11.1,-18.6,7.7,-34,-9,23, 0.47 , 46.70 ,7,8,-12.5,-0.8,1.1
Atlanta,2018,386,389.1,98.3,4.5,290.8,108,42,45.3,29,25.9,-4.8,2.3,-8.2,-13.5,-4.5,23, 0.31 , 31.30 ,5,11,-0.6,0.1,2
Baltimore ,2018,387,374.9,152.6,4.5,222.4,84,32,45,32,24.3,-17.8,-7.6,-7.4,2.4,-16.6,23, 0.47 , 47.10 ,8,8,5.6,-0.3,2
Buffalo ,2018,388,298.6,124,4.2,174.6,62.6,41,31.6,30,16.8,-13.4,3.4,-4.6,-11.2,-4.9,23, 0.44 , 43.80 ,7,9,-6.6,-0.3,1.4
Carolina ,2018,389,373.2,133.5,5.1,239.8,92.9,32,41.6,30,23.5,-17.3,-10.6,-19.8,-5.2,-11.2,23, 0.44 , 43.80 ,7,9,-0.4,0.1,2.3
Chicago ,2018,390,289.9,108.6,4.7,181.2,93,52,30.1,28,19.9,-8.4,-19.6,-7.6,-14.4,-7.4,23, 0.71 , 70.60 ,9,7,8.1,0.8,2.1
Chicago ,2018,391,343.9,121.1,4.1,222.8,95.4,33,41,32,26.3,0.6,2.9,8.7,4.6,0.5,23, 0.56 , 56.30 ,10,6,-5.4,0.1,2
Cincinnati ,2018,392,310.8,105.1,4.7,205.6,87,37,36.9,27,23,4.6,20.3,6.2,2.3,21.7,24, 0.63 , 62.50 ,9,7,-2.1,0.4,2
Cleveland ,2018,393,368.8,118.3,4.6,250.4,88.8,38,35.1,29,22.4,20.6,9.2,28.7,17,20.4,24, 0.50 , 50.00 ,6,9,0.5,0.1,1.6
Dallas,2018,394,343.8,122.7,4.5,221.1,96.7,56,41.4,31,21.2,-19.8,-5.1,15.4,3.9,8.7,24, 0.40 , 40.00 ,9,7,-1.3,0.4,1.6
Denver,2018,395,350.1,119.2,4.9,230.9,82.1,34,33.3,28,20.6,-6.1,8.9,7.2,11.2,23.5,24, 0.56 , 56.30 ,6,9,-2.3,-0.3,1.6
Detroit ,2018,396,327.2,103.8,4.1,223.5,88.5,41,36.1,31,20.2,11.4,15.9,13.2,10.6,13.2,24, 0.40 , 40.00 ,7,8,-1.5,0,1.8
Green Bay ,2018,397,369.1,104.2,5,264.9,93.7,53,36.8,30,23.5,2.6,10.7,11.8,10.8,13.6,24, 0.47 , 46.70 ,8,7,4.2,0.8,1.8
Houston ,2018,398,362.6,126.3,4.3,236.3,102.9,62,37,30,25.1,4.4,12.1,0,15.1,13.4,20, 0.53 , 52.90 ,5,9,4.7,0.1,2.6
Indianapolis ,2018,399,386.2,107.4,4.2,278.8,98.2,18,48.6,30,27.1,6,1,29.6,7.5,1.3,24, 0.36 , 35.70 ,9,6,-4.4,-0.8,0.9
Jacksonville ,2018,400,302,107.7,4.1,194.3,79.1,53,40.4,30,15.3,12.1,14.8,14.2,9.5,6.3,24, 0.59 , 58.80 ,9,7,8.7,0.6,3.2
Kansas City ,2018,401,425.6,115.9,4.8,309.7,113.8,26,47.2,29,35.3,6.9,9.2,8.6,2.7,16.5,24, 0.56 , 55.60 ,7,8,5.1,0.1,2.1
L.A. Chargers ,2018,402,372.6,117.1,4.7,255.6,104.9,34,39.5,30,26.8,2.3,-3.2,-14,-4.9,-6.6,25, 0.53 , 52.90 ,6,10,7.6,0.6,2.6
L.A. Rams ,2018,403,421.1,139.4,4.9,281.7,100.7,33,45,30,32.9,11.4,13.9,5.7,0,13.2,24, 0.38 , 37.50 ,8,8,-11.1,-0.4,1.4
Las Vegas  ,2018,404,336.2,101.8,4.2,234.4,93.6,52,37.1,30,18.1,8,-20.2,-5.7,5,-8.1,26, 0.50 , 50.00 ,12,4,-7.1,0.3,1
Minnesota ,2018,405,345.6,93.3,4.2,252.2,99.7,40,35.8,29,22.5,0.7,3.2,0,0.7,3.2,25, 0.50 , 50.00 ,8,7,1.2,0,1.7
N.Y. Giants ,2018,406,356.1,103.1,4.7,252.9,92.7,47,36.9,28,23.1,11.2,2.3,1.8,15.6,9,24, 0.53 , 53.30 ,8,7,7.4,0.5,2.3
N.Y. Jets ,2018,407,299.2,101.4,4,197.8,73,37,32.2,29,20.8,3.6,11.3,-0.1,11.1,13.8,27, 0.33 , 33.30 ,5,10,8.6,0.5,2.9
New England ,2018,408,393.4,127.3,4.3,266.1,97.8,21,40.8,31,27.2,13.8,0.6,-0.7,-3.3,5.9,26, 0.63 , 63.20 ,9,7,-2.7,0.1,1.7
New Orleans ,2018,409,379.2,126.6,4.3,252.6,112.3,20,44.6,31,31.5,-3.4,4.8,12.8,2.8,14.2,25, 0.56 , 55.60 ,10,6,-6.8,-0.6,1.3
Philadelphia ,2018,410,365.3,98.1,3.9,267.2,100.7,40,41,32,22.9,9.7,13.8,10.6,-9,12.2,24, 0.47 , 47.10 ,7,9,0.8,-0.5,2
Pittsburgh ,2018,411,403.3,90.3,4.2,313,95.5,24,44.4,31,26.8,-8.2,-8.7,-8.1,-1.9,-5.2,28, 0.53 , 53.30 ,8,7,4.3,-0.7,2.3
Pittsburgh ,2018,412,312.6,126.7,4.4,185.9,89.8,47,40,29,19.4,7.7,-4.3,-0.4,18.5,1.6,27, 0.31 , 31.30 ,5,11,-5.8,-1.6,1.3
San Francisco ,2018,413,360.6,118.9,4.5,241.7,87.8,48,37.8,29,21.4,24.6,2.9,11,11.5,11.7,26, 0.67 , 66.70 ,9,5,4.6,0.9,2.2
Seattle ,2018,414,353.3,160,4.8,193.3,110.9,51,38.9,31,26.8,6.5,18,4,-1.7,14.4,25, 0.53 , 53.30 ,8,7,-4.3,-1.1,2.3
Tampa Bay ,2018,415,415.5,95.2,3.9,320.3,94.1,41,46,30,24.8,-2.1,0,5.7,17.8,14.7,24, 0.50 , 50.00 ,8,8,0.4,-0.1,1.6
Washington ,2018,416,299.7,110.9,4.3,188.8,78.1,44,36.4,29,17.6,0.8,13.6,4.6,0,10.2,29, 0.56 , 56.30 ,9,7,-4.9,0.4,1.3
Arizona ,2019,417,341.7,124.4,5,217.3,87,50,36,27,22.6,-9.3,-4.8,-22.8,-18.3,-6,28, 0.64 , 64.30 ,9,5,-5.1,-0.1,1.5
Atlanta,2019,418,379.7,85.1,3.8,294.6,93.8,50,42,30,23.8,10.6,-3.2,8.2,10.8,2,27, 0.50 , 50.00 ,8,8,-1.1,-0.3,1.9
Baltimore ,2019,419,407.6,206,5.5,201.6,109,28,47.1,34,33.2,-3,7.4,-1.8,1.8,9.4,26, 0.63 , 62.50 ,10,6,13.7,0.4,2.6
Buffalo ,2019,420,330.2,128.4,4.4,201.8,82.8,40,35.8,29,19.6,3.2,1.4,0.7,15.4,11.3,25, 0.60 , 60.00 ,9,5,3.1,0.2,1.5
Carolina ,2019,421,341.8,113.7,4.7,228.1,74.7,58,31.9,28,21.2,2.3,-8.7,-6,11.9,3.9,24, 0.40 , 40.00 ,6,9,-8.1,-0.9,1.8
Chicago ,2019,422,310,72.2,3.3,237.8,80,58,34.3,28,19.1,-14.7,0,-7.1,-0.3,-6.8,30, 0.25 , 25.00 ,6,10,-1.1,0,1.5
Chicago ,2019,423,296.8,91.1,3.7,205.7,83.9,45,35.6,30,17.5,6.7,-6,3.9,11.7,3.3,29, 0.40 , 40.00 ,5,10,-8.8,-0.9,1.3
Cincinnati ,2019,424,323.1,94.8,3.9,228.2,76.2,48,36,29,17.4,-12.9,6,-25.7,-5,1.6,28, 0.33 , 33.30 ,9,7,-3.6,-0.5,1.8
Cleveland ,2019,425,340.9,118.8,4.8,222.1,78.4,41,36.2,29,20.9,5.5,0.3,25.5,2.9,0.3,27, 0.56 , 56.30 ,9,7,7.1,-0.1,1.9
Dallas,2019,426,431.5,134.6,4.8,296.9,99.5,23,47.1,29,27.1,-1.8,-1.8,0.9,5,-0.4,26, 0.56 , 56.30 ,6,10,-2.1,0.1,1.3
Denver,2019,427,298.6,103.9,4.1,194.7,84.1,41,31.7,29,17.6,12,0,9.9,7.7,5.4,25, 0.38 , 37.50 ,10,6,-5.1,-0.3,1.6
Detroit ,2019,428,346.8,103.1,4.1,243.8,88.2,43,40.9,29,21.3,-1.2,-4.8,4,6.7,16.5,24, 0.61 , 61.10 ,7,8,2.8,0.5,2.1
Green Bay ,2019,429,345.5,112.2,4.4,233.3,95.3,36,36,31,23.5,-10,0,-16.3,-13.3,-1.9,31, 0.47 , 47.10 ,7,7,-1.3,0,2.1
Houston ,2019,430,362,125.6,4.6,236.4,95.3,49,43.5,30,23.6,6.5,-13.2,-0.3,4.6,4,30, 0.50 , 50.00 ,7,9,-0.8,0.1,2.3
Indianapolis ,2019,431,327.4,133.1,4.5,194.2,85,32,41.5,30,22.6,18.1,-5.8,4.5,-3,7.2,29, 0.44 , 43.80 ,10,5,-6.1,-0.1,1.2
Jacksonville ,2019,432,341.8,106.8,4.4,235,90,42,34.5,30,18.8,-11.1,-4.5,-2.7,-0.2,-7,28, 0.71 , 70.60 ,4,9,9.7,0.4,2.1
Kansas City ,2019,433,379.2,98.1,4.2,281.1,104.4,25,47.6,29,28.2,-2.9,5.5,-0.4,-4.2,2,27, 0.31 , 30.80 ,10,5,-0.5,-1.1,1.8
L.A. Chargers ,2019,434,367.4,90.8,4,276.6,89,34,44.3,30,21.1,2.5,-7.9,2.4,-7.9,-7.7,26, 0.67 , 66.70 ,8,8,1.9,0,2.4
L.A. Rams ,2019,435,374.9,93.7,3.7,281.2,85.6,22,39.9,29,24.6,2.7,31,0.6,-21.6,-2.6,25, 0.50 , 50.00 ,9,7,-6.6,-0.1,1.8
Las Vegas  ,2019,436,363.7,118.3,4.3,245.4,101,29,43.8,31,19.6,-2.7,-4.6,-0.1,4.4,-0.1,24, 0.56 , 56.30 ,4,12,-11.8,-0.6,1.7
Minnesota ,2019,437,353.5,133.3,4.5,220.2,103.9,28,42.8,28,25.4,-13.3,4.9,11.9,4.4,4.1,25, 0.56 , 55.60 ,9,7,5.2,0.7,2.1
N.Y. Giants ,2019,438,338.5,105.3,4.7,233.2,86.4,43,37.3,28,21.3,-12.5,-14.8,2.6,-1.3,2.9,32, 0.44 , 43.80 ,7,9,11.1,1.2,1.8
N.Y. Jets ,2019,439,273,78.6,3.3,194.4,80.6,52,30.7,28,17.2,9.9,5.8,-11.4,-6.8,-1.4,31, 0.44 , 43.80 ,7,9,6.5,0.8,2.1
New England ,2019,440,354,106.4,3.8,247.6,88.2,28,38.3,31,26.2,-3.3,-5,-5.1,-4,2.3,30, 0.50 , 50.00 ,8,7,-6.9,-1.1,1.5
New Orleans ,2019,441,373.9,108.6,4.3,265.2,110.2,25,42.2,32,28.6,5.5,-3.7,7.7,4.4,4,29, 0.65 , 64.70 ,11,5,-5.2,-0.3,1.1
Philadelphia ,2019,442,360.8,121.2,4.3,239.6,92.1,37,45.4,33,24.1,6.6,17.6,-1,13.6,11.2,28, 0.41 , 41.20 ,7,9,1.4,-0.2,2.1
Pittsburgh ,2019,443,276.8,90.4,3.7,186.3,76.1,32,34.4,28,18.1,12.4,0.7,6.7,1,4.2,27, 0.53 , 53.30 ,9,7,-0.9,0.5,0.9
San Francisco ,2019,444,381.1,144.1,4.6,237,103.1,36,45,31,29.9,-8.7,-4,10.7,7.5,6.9,26, 0.61 , 61.10 ,9,6,10.1,0.4,2.1
Seattle ,2019,445,374.4,137.5,4.6,236.9,105.3,48,39.5,31,25.3,4.8,-13.1,-5.9,-4.7,-4.4,25, 0.47 , 47.10 ,7,8,0.6,0.7,2.3
Tampa Bay ,2019,446,397.9,95.1,3.7,302.8,84.1,47,41.5,30,28.6,-16.2,6.8,2.7,-7.4,9.7,26, 0.36 , 35.70 ,5,9,0.6,-0.8,2.2
Tennessee ,2019,447,362.8,138.9,5,223.9,108.3,56,37.8,28,25.1,-20.5,6.6,-10.8,-3.7,4.5,25, 0.56 , 55.60 ,8,7,4.4,0.5,2.2
Washington ,2019,448,274.7,98.9,4.4,175.8,83,50,29.1,27,16.6,-20.6,3.8,5.9,-7.2,4.2,32, 0.38 , 37.50 ,6,10,-10.6,0.1,1.3
Arizona ,2020,449,384.6,139.8,4.7,244.8,94.1,29,39.6,29,25.6,-12.1,8.8,3,-6.6,-6.8,31, 0.44 , 43.80 ,7,9,2.7,0,2.4
Atlanta,2020,450,368.4,95.8,3.7,272.7,93.9,41,43.9,30,24.8,2.7,-9.1,-2.7,-1.7,-3.6,30, 0.44 , 43.80 ,7,9,-1.1,0.2,1.9
Baltimore ,2020,451,363.1,191.9,5.5,171.2,95.7,32,48.8,31,29.2,1.2,0.5,11.2,4.3,-2.9,29, 0.65 , 64.70 ,10,6,8.8,0.2,2.2
Buffalo ,2020,452,396.4,107.7,4.2,288.8,107.6,27,49.7,31,31.3,-8.1,1.9,-7.1,9.2,3.9,28, 0.63 , 63.20 ,11,5,6.8,0.3,2.5
Carolina ,2020,453,349.5,106.5,4.2,243,87.5,36,39,30,21.9,-3.2,-3.4,-4.1,3.2,-9.1,27, 0.56 , 56.30 ,9,7,-3.3,0.1,1.8
Chicago ,2020,454,339,105.5,3.9,233.5,91.2,34,38.6,31,25.2,16.4,7,8.7,2,9.9,26, 0.47 , 47.10 ,9,7,-0.6,-0.2,1.9
Chicago ,2020,455,331.4,102.9,4.2,228.4,86.5,36,34.6,30,23.2,-13.5,1.8,11.1,13.8,3.3,27, 0.60 , 60.00 ,6,10,-7.1,-0.4,1.5
Cincinnati ,2020,456,319.8,104.2,4.1,215.5,85.7,48,36.2,31,19.4,3,-4.8,2.3,17.6,1.2,26, 0.44 , 44.40 ,5,11,-0.3,0.5,2.4
Cleveland ,2020,457,369.6,148.4,4.8,221.2,96.6,26,44.9,30,25.5,0,-3.9,2.4,-1.1,12.9,25, 0.31 , 31.30 ,9,7,-4.9,-0.2,1.7
Dallas,2020,458,371.8,111.8,4.2,260.1,89.9,44,40.5,28,24.7,-2.7,6.6,-15.1,6.2,-0.5,32, 0.56 , 56.30 ,7,9,-7.7,-1,1.5
Denver,2020,459,335.6,119.9,4.3,215.7,72.5,32,38.7,28,20.2,27.7,-4.8,-6.7,10,0.3,31, 0.44 , 43.80 ,10,6,-8.9,-0.6,2.2
Detroit ,2020,460,350.2,93.7,4.1,256.5,93.3,42,41.1,27,23.6,-7,12.6,0.5,-0.9,1.3,30, 0.61 , 61.10 ,6,10,8.3,0.4,2.9
Green Bay ,2020,461,389,132.4,4.8,256.6,121.5,21,49.4,32,31.8,0,0.4,8.1,1.6,5.1,29, 0.38 , 37.50 ,8,8,-5,-0.6,1.7
Houston ,2020,462,375.2,91.6,4.3,283.6,112.3,50,43,27,24,13.7,-3.2,1.6,6.3,7.4,28, 0.53 , 52.90 ,7,9,5.1,0.6,2.2
Indianapolis ,2020,463,378.1,124.8,4.3,253.3,95.9,21,39.6,31,28.2,-7.4,0,0.4,-0.1,3.7,27, 0.44 , 43.80 ,7,9,-11.6,-0.5,1.7
Jacksonville ,2020,464,326.1,94.9,4.5,231.2,83.9,44,40.6,27,19.1,-23.6,-16.7,-15.4,3.7,-4.4,28, 0.42 , 42.10 ,9,7,5.7,0.3,2.3
Kansas City ,2020,465,415.8,112.4,4.5,303.4,107.3,24,49,30,29.6,-5.6,4.9,15,3.7,6.8,27, 0.53 , 53.30 ,9,7,-2.6,0.2,2
L.A. Chargers ,2020,466,382.1,111.5,3.8,270.6,97,34,44.2,31,24,4.8,0,13,3.9,13.1,26, 0.56 , 55.60 ,8,8,4,-0.1,2.1
L.A. Rams ,2020,467,377,126.1,4.3,250.9,88.4,25,43.4,32,23.2,15.2,15.2,8.8,17.9,4.8,25, 0.50 , 50.00 ,11,5,-2.8,-0.7,2
Las Vegas  ,2020,468,383.3,119.8,4.2,263.6,100.4,28,46,31,27.1,-13.4,-17,-7,2.7,1.2,32, 0.69 , 68.80 ,8,8,4.1,0.6,2.2
Minnesota ,2020,469,393.2,142.7,4.9,250.6,105,39,40.9,30,26.9,10.3,0,5.7,5.6,1.8,31, 0.38 , 37.50 ,6,10,-2.8,-0.1,2.6
N.Y. Giants ,2020,470,299.6,110.5,4.4,189.1,79.6,50,36.4,28,17.5,9.2,-1.1,7.7,14.9,13.3,30, 0.56 , 56.30 ,9,7,-1.7,0.2,1.6
N.Y. Jets ,2020,471,279.9,105.2,4.1,174.8,75.9,43,34,27,15.2,-3.9,5.5,-3,-6.6,5.3,29, 0.38 , 37.50 ,6,10,8.2,0.2,2.9
New England ,2020,472,327.2,146.6,4.7,180.6,81.1,37,40.9,28,20.4,-15.6,13.4,4.6,15.6,7.9,28, 0.44 , 43.80 ,7,9,-4.8,0,1.2
New Orleans ,2020,473,376.4,141.6,4.6,234.9,104.1,29,44.7,32,30.1,-5.1,0.6,4.1,0.4,-2.8,29, 0.56 , 55.60 ,9,7,-13.4,0,1
Pittsburgh ,2020,474,334.6,126.7,5,207.9,72.9,65,37.3,29,20.9,0,-16.2,-10.2,-3.9,-10.4,28, 0.38 , 37.50 ,6,10,-5.3,-0.6,1.8
Pittsburgh ,2020,475,334.6,84.4,3.6,250.2,93.5,14,42.2,30,26,3.1,9.6,5,13.4,13.5,27, 0.59 , 58.80 ,10,6,5.5,0.2,2.2
San Francisco ,2020,476,370.1,118.1,4.3,252.1,90.1,39,39.1,31,23.5,-21.2,-8.3,25.6,9.7,4.3,26, 0.44 , 43.80 ,7,9,-0.9,-0.7,2.3
Seattle ,2020,477,369.5,123.2,4.8,246.3,105,48,40.2,30,28.7,7.3,3.6,7.7,-4.4,2.9,25, 0.47 , 47.10 ,8,8,4.6,0.1,2.5
Tampa Bay ,2020,478,384.1,94.9,4.1,289.1,102.8,22,43.5,28,30.8,-12.3,-8.3,-8.3,-19,-12,32, 0.60 , 60.00 ,9,7,9.1,0.7,2.6
Tennessee ,2020,479,396.4,168.1,5.2,228.3,105.9,25,46.2,28,30.7,-0.8,8.9,4.9,-3.5,0.1,31, 0.41 , 41.20 ,7,9,2.6,0.6,2.9
Washington ,2020,480,317.2,100.7,4,216.6,80.1,50,39.1,29,20.9,4.5,10.9,2.5,23.4,11,30, 0.56 , 56.30 ,9,7,-0.1,-0.2,1.8
Arizona ,2021,481,373.6,122.1,4.2,251.5,100.6,39,45.2,31,26.4,-7.5,0,4.3,1.1,-0.2,29, 0.56 , 55.60 ,10,7,3.3,0.6,2.2
Atlanta,2021,482,303.8,85.4,3.7,218.4,86.6,40,38.9,28,18.4,-9.3,-7.3,-11.6,-13,5.4,30, 0.38 , 37.50 ,6,10,-8.6,-0.4,1.7
Baltimore ,2021,483,378.8,145.8,4.8,233,84.4,57,36.4,33,22.8,-13.1,-2.2,8.9,-0.1,7.3,29, 0.47 , 47.10 ,8,9,-0.3,-0.6,2
Buffalo ,2021,484,381.9,129.9,4.8,252,91.3,27,46.4,31,28.4,-7.6,-8.4,-1.6,-1,-3.9,28, 0.59 , 58.80 ,9,6,11.5,0.5,3
Carolina ,2021,485,298.9,108.4,4,190.5,68.5,52,35.7,30,17.9,7,11.4,0,4,-3.9,27, 0.29 , 29.40 ,5,12,-5.9,-0.8,1.5
Chicago ,2021,486,307.4,118.7,4.2,188.6,75.5,58,34.7,30,18.3,-1,7.3,2.6,-2.5,12.3,26, 0.35 , 35.30 ,7,10,-5.6,-0.8,1.4
Cincinnati ,2021,487,361.5,102.5,4,259,106.9,55,39.6,31,27.1,3.4,14.9,12.9,14,8.3,25, 0.67 , 66.70 ,13,4,4.5,0.3,1.7
Cleveland ,2021,488,340.6,145.4,5.1,195.3,84.6,49,39.2,30,20.5,-4.6,-3.3,-1.2,-11.7,4.2,32, 0.41 , 41.20 ,8,9,-1.3,-0.2,1.8
Dallas,2021,489,407,124.6,4.5,282.4,104.8,33,43.4,30,31.2,19.7,-3.3,2,10.3,-3.7,31, 0.72 , 72.20 ,11,6,9.2,0.8,2.3
Denver,2021,490,330.5,119.1,4.5,211.4,91.7,40,38.5,30,19.7,-10.3,1,-4.9,1.9,-4.6,30, 0.47 , 47.10 ,12,5,0.8,0.1,1.7
Detroit ,2021,491,322.6,110.9,4.4,211.6,88.1,36,34.7,29,19.1,-4.7,-5.5,-1.5,-0.1,2.8,31, 0.65 , 64.70 ,8,9,-8.4,-0.2,1.2
Green Bay ,2021,492,365.6,111.8,4.3,253.8,107.4,33,43.6,32,26.5,-8.5,-6,2.3,0.7,8,30, 0.67 , 66.70 ,10,7,4.2,0.7,2.3
Houston ,2021,493,278.1,83.6,3.4,194.4,85.2,44,39.7,28,16.5,-23.1,-2.5,-5.2,-12.5,5.3,29, 0.47 , 47.10 ,5,12,-10.1,0.2,1.1
Indianapolis ,2021,494,347.1,149.4,5.1,197.7,93.5,32,41,32,26.5,4.6,-2.1,-3.5,-11.8,6.6,28, 0.59 , 58.80 ,8,9,5.1,0.8,2.1
Jacksonville ,2021,495,305.4,103.2,4.5,202.1,72.1,32,35.8,27,14.9,2.4,0.8,23.2,16.5,8.1,27, 0.29 , 29.40 ,8,9,-12,-1.2,1.2
Kansas City ,2021,496,396.8,115,4.5,281.8,98.1,28,52.2,30,28.2,-11.5,0.9,22,-10,11.5,26, 0.50 , 50.00 ,8,9,7,0.1,2.6
L.A. Chargers ,2021,497,390.2,107.9,4.3,282.4,97.4,31,45.2,29,27.9,-0.9,-5.7,-3.2,6.6,3.6,, 0.47 , 47.10 ,8,9,0.9,-0.1,2.8
L.A. Rams ,2021,498,372.1,99,4,273.1,101.6,31,43.9,29,27.1,-8.5,-7.4,-5.3,-5,1.3,32, 0.48 , 47.60 ,9,7,5.7,0,2.5
Las Vegas  ,2021,499,363.8,95.1,3.9,268.6,93.8,40,37.4,31,22,-8.5,1.5,-4.4,4,-1.9,31, 0.44 , 44.40 ,6,11,-4,-0.6,1.8
Miami ,2021,500,307,92.2,3.5,214.8,85.4,40,40.8,30,20.1,-6.2,-1.9,-10.9,-7,0.6,32, 0.56 , 56.30 ,10,7,-1.9,0,1.8
Minnesota ,2021,501,362.8,113.5,4.3,249.3,101.6,30,36.4,29,25,3.4,-1.4,1.2,0,-1.1,31, 0.53 , 52.90 ,9,8,-0.1,0.6,1.9
N.Y. Giants ,2021,502,287.3,99.3,4,188,70.1,38,36.5,28,15.2,0,0.4,7.2,3.1,-0.8,30, 0.35 , 35.30 ,6,11,7.2,0.3,2.3
N.Y. Jets ,2021,503,306.4,98.1,4.4,208.3,76,53,36.3,27,18.2,-22.9,-11.6,-12.9,-8.8,2.4,29, 0.35 , 35.30 ,6,11,1.7,0.4,1.9
New England ,2021,504,353.4,126.5,4.4,226.9,95.5,28,43.5,30,27.2,-13.5,-1,-9,-18.3,0.7,28, 0.56 , 55.60 ,10,7,-9.3,-0.5,1
New Orleans ,2021,505,304.5,117.1,3.9,187.4,87.4,37,35.5,30,21.4,-1.5,-5.2,18.5,16.4,1.2,27, 0.53 , 52.90 ,9,8,-11.4,-0.8,1.6
Philadelphia ,2021,506,359.9,159.7,4.9,200.2,89.2,31,45.7,29,26.1,3.7,-7.8,-15.6,-7.6,-10.8,26, 0.47 , 47.10 ,8,8,2.4,-0.2,2.2
Pittsburgh ,2021,507,315.4,93.1,3.9,222.2,85.3,38,38.9,30,20.2,0.7,9.1,26.1,4.6,6.4,25, 0.44 , 44.40 ,8,9,-4.2,0.2,1.6
San Francisco ,2021,508,375.7,127.4,4.3,248.3,99.2,33,40.2,31,25.1,-0.1,6,-6,0,-2.2,32, 0.60 , 60.00 ,9,8,3.4,-0.2,1.9
Seattle ,2021,509,323.9,122,5,201.9,103.1,46,37.3,25,23.2,0.7,0.1,6.5,8.5,-6.8,32, 0.53 , 52.90 ,9,8,1.7,0.3,1.8
Tampa Bay ,2021,510,405.9,98.4,4.3,307.6,101.6,23,47.1,30,30.1,11.1,-3,-3.2,9.1,15.1,31, 0.53 , 52.60 ,9,8,9,0.8,2.6
Tennessee ,2021,511,342.5,141.4,4.4,201.1,90,47,43.6,33,24.6,-6.3,-15.3,-5.6,-12.8,5.8,30, 0.56 , 55.60 ,10,7,3.4,-0.3,2.2
Washington ,2021,512,323.6,121.2,4.3,202.4,85.8,43,38.8,30,19.7,8,-3.9,-27.1,-21.3,-1.3,29, 0.44 , 43.80 ,7,9,-5.8,-0.3,1.5
Arizona ,2022,513,323.5,110.2,4.3,213.3,79.2,46,35.2,30,20,9,4.4,3.2,5.9,11,28, 0.47 , 47.10 ,8,9,-6.4,-0.3,1.5
Atlanta,2022,514,318.6,159.9,4.9,158.8,87.7,37,41.8,30,21.5,3.4,11.7,2,5.3,-4.1,27, 0.53 , 52.90 ,9,8,-1.2,-0.2,1.8
Baltimore ,2022,515,338.8,160,5.2,178.8,82.5,38,41.7,31,20.6,-9.2,-6.6,4.4,13.6,3.8,26, 0.47 , 47.10 ,6,9,1.6,0.2,1.6
Buffalo ,2022,516,397.6,139.5,5.2,258.1,95.8,33,50.3,29,28.4,9.3,-9.5,-2.5,-6.5,-1.1,25, 0.47 , 47.10 ,8,7,8.6,-0.1,2.2
Carolina ,2022,517,306.2,130,4.6,176.2,80.2,36,31.7,28,20.4,-1.4,4.7,5,-0.7,-4.4,32, 0.53 , 52.90 ,9,8,-1.6,-0.2,1.5
Chicago ,2022,518,307.8,177.3,5.4,130.5,80.3,58,40.9,29,19.2,-50.3,-11.3,3.3,9.5,4.2,31, 0.31 , 31.30 ,8,9,-8.1,-0.1,1.6
Cincinnati ,2022,519,360.5,95.5,3.8,265,101,44,46.1,32,26.1,-10.7,-3.5,-5.4,-1.7,5.9,30, 0.68 , 68.40 ,9,7,6.2,0.4,2.2
Cleveland ,2022,520,349.1,146.5,4.7,202.6,84.9,44,38.1,31,21.2,-4.4,4.7,-6.1,-1.1,-1.1,29, 0.47 , 47.10 ,7,10,-1.2,-0.1,1.8
Dallas,2022,521,354.9,135.2,4.3,219.8,87.9,27,45.5,29,27.5,7.5,-5,10.5,16,10.1,28, 0.58 , 57.90 ,12,5,7.1,0.5,2.4
Denver,2022,522,325.1,113.8,4.4,211.3,81.2,63,29.1,29,16.9,-13.2,3.7,5.3,-15.9,1.1,27, 0.41 , 41.20 ,8,9,-4.2,-0.1,1.2
Detroit ,2022,523,380,128.2,4.5,251.8,99.3,24,40.8,29,26.6,-14.1,6.9,7.2,14.4,-0.1,26, 0.71 , 70.60 ,8,8,1.5,0.4,2.6
Green Bay ,2022,524,337.9,124.3,4.6,213.6,91.9,32,39.5,31,21.8,1.8,-2.5,-3.6,-11,-5.5,32, 0.47 , 47.10 ,6,11,-0.1,0.1,1.6
Houston ,2022,525,283.5,86.8,3.7,196.7,76.8,38,30.3,28,17,-3,17.6,11.3,-5.5,-3.2,31, 0.50 , 50.00 ,8,8,-7.7,-0.1,1.4
Indianapolis ,2022,526,311.6,109.8,4.3,201.9,79.2,60,32.9,30,17,5,-19.3,-9.3,-21,-9.1,30, 0.35 , 35.30 ,5,11,-8.1,-0.8,1.3
Jacksonville ,2022,527,357.4,124.5,4.7,232.9,93.9,28,41.9,29,23.8,6.7,12.5,10.4,6.7,14.1,29, 0.53 , 52.60 ,11,5,2.5,-0.1,1.9
Kansas City ,2022,528,413.6,115.9,4.7,297.8,104.7,26,48.7,30,29.2,1,9.2,7.6,3.4,18.8,28, 0.42 , 42.10 ,7,9,7,0.1,3
L.A. Chargers ,2022,529,359.3,89.6,3.8,269.6,93.3,39,43.6,30,23,-1.2,12.2,13.1,7.8,-5.6,27, 0.65 , 64.70 ,8,9,0.3,0.6,2
L.A. Rams ,2022,530,280.5,97.7,4,182.8,82.3,59,39.3,29,18.1,8,-4.3,-5.6,-4,-5.5,32, 0.40 , 40.00 ,9,8,-4.5,-0.1,1.5
Las Vegas  ,2022,531,352.5,121.1,4.8,231.4,86.7,35,39.9,30,23.2,1,-8.6,0,8.4,-1.1,31, 0.47 , 47.10 ,5,11,-1.4,-0.5,1.4
Miami ,2022,532,364.5,99.2,4.3,265.4,95,35,36.2,29,23.4,2.9,4.4,-3.7,1.8,-2,30, 0.56 , 55.60 ,12,3,-0.3,-0.3,1.8
Minnesota ,2022,533,361.5,97.7,4.1,263.8,93.1,47,41.2,30,24.9,17.9,11.2,4,13.1,5.2,29, 0.41 , 41.20 ,7,9,-0.6,0.1,2.4
N.Y. Giants ,2022,534,333.9,148.2,4.8,185.7,91.1,49,36.8,30,21.5,-7.9,8.7,-1.8,3.8,-12.6,28, 0.74 , 73.70 ,13,4,1,0.4,1.1
N.Y. Jets ,2022,535,318.2,99.2,4.2,219,75,42,34.6,28,17.4,-0.5,0.7,-6.2,-7.9,-7.2,32, 0.47 , 47.10 ,8,9,-0.9,-0.6,1.5
New England ,2022,536,314.6,106.6,4.3,208,87.7,41,34.9,29,21.4,-26.3,-9.6,-25.7,11,-4.5,31, 0.44 , 43.80 ,7,9,-1.6,0.1,1.8
New Orleans ,2022,537,333.8,116.6,4.3,217.2,93.6,38,40.2,29,19.4,-6.2,-14.9,1.5,-2.1,6.4,30, 0.41 , 41.20 ,7,10,-1.2,-0.4,1.2
Philadelphia ,2022,538,389.1,147.6,4.6,241.5,99,44,45.9,30,28.1,12,8,23.7,6.8,0.4,29, 0.50 , 50.00 ,8,9,9.3,0.6,2.6
Pittsburgh ,2022,539,322.6,121.9,4.1,200.6,78.7,38,44.9,31,18.1,-1.1,-2.1,4.9,1.5,9.6,32, 0.63 , 62.50 ,10,6,-2.2,0.2,1.6
San Francisco ,2022,540,365.6,138.8,4.7,226.8,102.3,31,45,31,26.5,-5.3,-3.1,3.4,-0.8,-2.2,31, 0.65 , 65.00 ,11,6,8.7,0.7,1.9
Seattle ,2022,541,351.5,120.1,4.8,231.4,100,46,37.8,29,23.9,-21.7,0,-2.5,-4.4,-10.7,30, 0.39 , 38.90 ,7,10,-0.7,0,1.6
Tampa Bay ,2022,542,346.7,76.9,3.4,269.8,89.8,22,37.4,29,18.4,-14.1,-9.8,-9.2,-6.6,-0.7,32, 0.24 , 23.50 ,4,12,-3.4,-0.2,1.5
Tennessee ,2022,543,296.8,125.4,4.4,171.4,85.3,49,36.5,29,17.5,-6.9,-8.5,-15.4,-32.3,-10.3,31, 0.56 , 56.30 ,9,6,-3.6,-0.2,1.6
Washington ,2022,544,330.3,126.1,4,204.2,84.7,48,35.2,33,18.9,-4.5,-4.5,-6.3,-23.5,-5.6,32, 0.50 , 50.00 ,8,8,-1.3,-0.3,1.4
